Sample	SuperPop	Project
HG00096	EUR	1KG
HG00097	EUR	1KG
HG00099	EUR	1KG
HG00100	EUR	1KG
HG00101	EUR	1KG
HG00102	EUR	1KG
HG00103	EUR	1KG
HG00105	EUR	1KG
HG00106	EUR	1KG
HG00107	EUR	1KG
HG00108	EUR	1KG
HG00109	EUR	1KG
HG00110	EUR	1KG
HG00111	EUR	1KG
HG00112	EUR	1KG
HG00113	EUR	1KG
HG00114	EUR	1KG
HG00115	EUR	1KG
HG00116	EUR	1KG
HG00117	EUR	1KG
HG00118	EUR	1KG
HG00119	EUR	1KG
HG00121	EUR	1KG
HG00122	EUR	1KG
HG00123	EUR	1KG
HG00125	EUR	1KG
HG00126	EUR	1KG
HG00127	EUR	1KG
HG00128	EUR	1KG
HG00129	EUR	1KG
HG00130	EUR	1KG
HG00131	EUR	1KG
HG00132	EUR	1KG
HG00133	EUR	1KG
HG00136	EUR	1KG
HG00137	EUR	1KG
HG00138	EUR	1KG
HG00139	EUR	1KG
HG00140	EUR	1KG
HG00141	EUR	1KG
HG00142	EUR	1KG
HG00143	EUR	1KG
HG00145	EUR	1KG
HG00146	EUR	1KG
HG00148	EUR	1KG
HG00149	EUR	1KG
HG00150	EUR	1KG
HG00151	EUR	1KG
HG00155	EUR	1KG
HG00157	EUR	1KG
HG00158	EUR	1KG
HG00159	EUR	1KG
HG00160	EUR	1KG
HG00171	EUR	1KG
HG00173	EUR	1KG
HG00174	EUR	1KG
HG00176	EUR	1KG
HG00177	EUR	1KG
HG00178	EUR	1KG
HG00179	EUR	1KG
HG00180	EUR	1KG
HG00181	EUR	1KG
HG00182	EUR	1KG
HG00183	EUR	1KG
HG00185	EUR	1KG
HG00186	EUR	1KG
HG00187	EUR	1KG
HG00188	EUR	1KG
HG00189	EUR	1KG
HG00190	EUR	1KG
HG00231	EUR	1KG
HG00232	EUR	1KG
HG00233	EUR	1KG
HG00234	EUR	1KG
HG00235	EUR	1KG
HG00236	EUR	1KG
HG00237	EUR	1KG
HG00239	EUR	1KG
HG00240	EUR	1KG
HG00242	EUR	1KG
HG00243	EUR	1KG
HG00244	EUR	1KG
HG00245	EUR	1KG
HG00246	EUR	1KG
HG00250	EUR	1KG
HG00251	EUR	1KG
HG00252	EUR	1KG
HG00253	EUR	1KG
HG00254	EUR	1KG
HG00255	EUR	1KG
HG00256	EUR	1KG
HG00257	EUR	1KG
HG00258	EUR	1KG
HG00259	EUR	1KG
HG00260	EUR	1KG
HG00261	EUR	1KG
HG00262	EUR	1KG
HG00263	EUR	1KG
HG00264	EUR	1KG
HG00265	EUR	1KG
HG00266	EUR	1KG
HG00267	EUR	1KG
HG00268	EUR	1KG
HG00269	EUR	1KG
HG00271	EUR	1KG
HG00272	EUR	1KG
HG00273	EUR	1KG
HG00274	EUR	1KG
HG00275	EUR	1KG
HG00276	EUR	1KG
HG00277	EUR	1KG
HG00278	EUR	1KG
HG00280	EUR	1KG
HG00281	EUR	1KG
HG00282	EUR	1KG
HG00284	EUR	1KG
HG00285	EUR	1KG
HG00288	EUR	1KG
HG00290	EUR	1KG
HG00304	EUR	1KG
HG00306	EUR	1KG
HG00308	EUR	1KG
HG00309	EUR	1KG
HG00310	EUR	1KG
HG00311	EUR	1KG
HG00313	EUR	1KG
HG00315	EUR	1KG
HG00318	EUR	1KG
HG00319	EUR	1KG
HG00320	EUR	1KG
HG00321	EUR	1KG
HG00323	EUR	1KG
HG00324	EUR	1KG
HG00325	EUR	1KG
HG00326	EUR	1KG
HG00327	EUR	1KG
HG00328	EUR	1KG
HG00329	EUR	1KG
HG00330	EUR	1KG
HG00331	EUR	1KG
HG00332	EUR	1KG
HG00334	EUR	1KG
HG00335	EUR	1KG
HG00336	EUR	1KG
HG00337	EUR	1KG
HG00338	EUR	1KG
HG00339	EUR	1KG
HG00341	EUR	1KG
HG00342	EUR	1KG
HG00343	EUR	1KG
HG00344	EUR	1KG
HG00345	EUR	1KG
HG00346	EUR	1KG
HG00349	EUR	1KG
HG00350	EUR	1KG
HG00351	EUR	1KG
HG00353	EUR	1KG
HG00355	EUR	1KG
HG00356	EUR	1KG
HG00357	EUR	1KG
HG00358	EUR	1KG
HG00360	EUR	1KG
HG00362	EUR	1KG
HG00364	EUR	1KG
HG00365	EUR	1KG
HG00366	EUR	1KG
HG00367	EUR	1KG
HG00368	EUR	1KG
HG00369	EUR	1KG
HG00371	EUR	1KG
HG00372	EUR	1KG
HG00373	EUR	1KG
HG00375	EUR	1KG
HG00376	EUR	1KG
HG00378	EUR	1KG
HG00379	EUR	1KG
HG00380	EUR	1KG
HG00381	EUR	1KG
HG00382	EUR	1KG
HG00383	EUR	1KG
HG00384	EUR	1KG
HG00403	EAS	1KG
HG00404	EAS	1KG
HG00406	EAS	1KG
HG00407	EAS	1KG
HG00409	EAS	1KG
HG00410	EAS	1KG
HG00419	EAS	1KG
HG00421	EAS	1KG
HG00422	EAS	1KG
HG00427	EAS	1KG
HG00428	EAS	1KG
HG00436	EAS	1KG
HG00437	EAS	1KG
HG00442	EAS	1KG
HG00443	EAS	1KG
HG00445	EAS	1KG
HG00446	EAS	1KG
HG00448	EAS	1KG
HG00449	EAS	1KG
HG00451	EAS	1KG
HG00452	EAS	1KG
HG00457	EAS	1KG
HG00458	EAS	1KG
HG00463	EAS	1KG
HG00464	EAS	1KG
HG00472	EAS	1KG
HG00473	EAS	1KG
HG00477	EAS	1KG
HG00478	EAS	1KG
HG00479	EAS	1KG
HG00500	EAS	1KG
HG00501	EAS	1KG
HG00513	EAS	1KG
HG00525	EAS	1KG
HG00530	EAS	1KG
HG00531	EAS	1KG
HG00533	EAS	1KG
HG00534	EAS	1KG
HG00536	EAS	1KG
HG00537	EAS	1KG
HG00542	EAS	1KG
HG00543	EAS	1KG
HG00551	AMR	1KG
HG00553	AMR	1KG
HG00554	AMR	1KG
HG00556	EAS	1KG
HG00557	EAS	1KG
HG00559	EAS	1KG
HG00560	EAS	1KG
HG00565	EAS	1KG
HG00566	EAS	1KG
HG00580	EAS	1KG
HG00583	EAS	1KG
HG00584	EAS	1KG
HG00589	EAS	1KG
HG00590	EAS	1KG
HG00592	EAS	1KG
HG00593	EAS	1KG
HG00596	EAS	1KG
HG00598	EAS	1KG
HG00599	EAS	1KG
HG00607	EAS	1KG
HG00608	EAS	1KG
HG00610	EAS	1KG
HG00611	EAS	1KG
HG00613	EAS	1KG
HG00614	EAS	1KG
HG00619	EAS	1KG
HG00620	EAS	1KG
HG00622	EAS	1KG
HG00623	EAS	1KG
HG00625	EAS	1KG
HG00626	EAS	1KG
HG00628	EAS	1KG
HG00629	EAS	1KG
HG00631	EAS	1KG
HG00632	EAS	1KG
HG00636	EAS	1KG
HG00637	AMR	1KG
HG00638	AMR	1KG
HG00640	AMR	1KG
HG00641	AMR	1KG
HG00650	EAS	1KG
HG00651	EAS	1KG
HG00653	EAS	1KG
HG00654	EAS	1KG
HG00656	EAS	1KG
HG00657	EAS	1KG
HG00662	EAS	1KG
HG00663	EAS	1KG
HG00671	EAS	1KG
HG00672	EAS	1KG
HG00674	EAS	1KG
HG00675	EAS	1KG
HG00683	EAS	1KG
HG00684	EAS	1KG
HG00689	EAS	1KG
HG00690	EAS	1KG
HG00692	EAS	1KG
HG00693	EAS	1KG
HG00698	EAS	1KG
HG00699	EAS	1KG
HG00701	EAS	1KG
HG00704	EAS	1KG
HG00705	EAS	1KG
HG00707	EAS	1KG
HG00708	EAS	1KG
HG00717	EAS	1KG
HG00728	EAS	1KG
HG00729	EAS	1KG
HG00731	AMR	1KG
HG00732	AMR	1KG
HG00734	AMR	1KG
HG00736	AMR	1KG
HG00737	AMR	1KG
HG00739	AMR	1KG
HG00740	AMR	1KG
HG00742	AMR	1KG
HG00743	AMR	1KG
HG00759	EAS	1KG
HG00766	EAS	1KG
HG00844	EAS	1KG
HG00864	EAS	1KG
HG00867	EAS	1KG
HG00879	EAS	1KG
HG00881	EAS	1KG
HG00956	EAS	1KG
HG00978	EAS	1KG
HG00982	EAS	1KG
HG01028	EAS	1KG
HG01029	EAS	1KG
HG01031	EAS	1KG
HG01046	EAS	1KG
HG01047	AMR	1KG
HG01048	AMR	1KG
HG01049	AMR	1KG
HG01051	AMR	1KG
HG01052	AMR	1KG
HG01054	AMR	1KG
HG01055	AMR	1KG
HG01058	AMR	1KG
HG01060	AMR	1KG
HG01061	AMR	1KG
HG01063	AMR	1KG
HG01064	AMR	1KG
HG01066	AMR	1KG
HG01067	AMR	1KG
HG01069	AMR	1KG
HG01070	AMR	1KG
HG01072	AMR	1KG
HG01073	AMR	1KG
HG01075	AMR	1KG
HG01077	AMR	1KG
HG01079	AMR	1KG
HG01080	AMR	1KG
HG01082	AMR	1KG
HG01083	AMR	1KG
HG01085	AMR	1KG
HG01086	AMR	1KG
HG01088	AMR	1KG
HG01089	AMR	1KG
HG01092	AMR	1KG
HG01094	AMR	1KG
HG01095	AMR	1KG
HG01097	AMR	1KG
HG01098	AMR	1KG
HG01101	AMR	1KG
HG01102	AMR	1KG
HG01104	AMR	1KG
HG01105	AMR	1KG
HG01107	AMR	1KG
HG01108	AMR	1KG
HG01110	AMR	1KG
HG01111	AMR	1KG
HG01112	AMR	1KG
HG01113	AMR	1KG
HG01119	AMR	1KG
HG01121	AMR	1KG
HG01122	AMR	1KG
HG01124	AMR	1KG
HG01125	AMR	1KG
HG01130	AMR	1KG
HG01131	AMR	1KG
HG01133	AMR	1KG
HG01134	AMR	1KG
HG01136	AMR	1KG
HG01139	AMR	1KG
HG01140	AMR	1KG
HG01142	AMR	1KG
HG01148	AMR	1KG
HG01149	AMR	1KG
HG01161	AMR	1KG
HG01162	AMR	1KG
HG01164	AMR	1KG
HG01167	AMR	1KG
HG01168	AMR	1KG
HG01170	AMR	1KG
HG01171	AMR	1KG
HG01173	AMR	1KG
HG01174	AMR	1KG
HG01176	AMR	1KG
HG01177	AMR	1KG
HG01182	AMR	1KG
HG01183	AMR	1KG
HG01187	AMR	1KG
HG01188	AMR	1KG
HG01190	AMR	1KG
HG01191	AMR	1KG
HG01197	AMR	1KG
HG01198	AMR	1KG
HG01200	AMR	1KG
HG01204	AMR	1KG
HG01205	AMR	1KG
HG01241	AMR	1KG
HG01242	AMR	1KG
HG01247	AMR	1KG
HG01248	AMR	1KG
HG01250	AMR	1KG
HG01251	AMR	1KG
HG01253	AMR	1KG
HG01254	AMR	1KG
HG01256	AMR	1KG
HG01257	AMR	1KG
HG01259	AMR	1KG
HG01260	AMR	1KG
HG01269	AMR	1KG
HG01271	AMR	1KG
HG01272	AMR	1KG
HG01274	AMR	1KG
HG01275	AMR	1KG
HG01277	AMR	1KG
HG01278	AMR	1KG
HG01280	AMR	1KG
HG01281	AMR	1KG
HG01284	AMR	1KG
HG01286	AMR	1KG
HG01302	AMR	1KG
HG01303	AMR	1KG
HG01305	AMR	1KG
HG01308	AMR	1KG
HG01311	AMR	1KG
HG01312	AMR	1KG
HG01323	AMR	1KG
HG01325	AMR	1KG
HG01326	AMR	1KG
HG01334	EUR	1KG
HG01341	AMR	1KG
HG01342	AMR	1KG
HG01344	AMR	1KG
HG01345	AMR	1KG
HG01349	AMR	1KG
HG01350	AMR	1KG
HG01351	AMR	1KG
HG01353	AMR	1KG
HG01354	AMR	1KG
HG01356	AMR	1KG
HG01357	AMR	1KG
HG01359	AMR	1KG
HG01360	AMR	1KG
HG01362	AMR	1KG
HG01363	AMR	1KG
HG01367	AMR	1KG
HG01369	AMR	1KG
HG01372	AMR	1KG
HG01374	AMR	1KG
HG01375	AMR	1KG
HG01377	AMR	1KG
HG01378	AMR	1KG
HG01383	AMR	1KG
HG01384	AMR	1KG
HG01389	AMR	1KG
HG01390	AMR	1KG
HG01392	AMR	1KG
HG01393	AMR	1KG
HG01395	AMR	1KG
HG01396	AMR	1KG
HG01398	AMR	1KG
HG01402	AMR	1KG
HG01403	AMR	1KG
HG01405	AMR	1KG
HG01412	AMR	1KG
HG01413	AMR	1KG
HG01414	AMR	1KG
HG01431	AMR	1KG
HG01432	AMR	1KG
HG01435	AMR	1KG
HG01437	AMR	1KG
HG01438	AMR	1KG
HG01440	AMR	1KG
HG01441	AMR	1KG
HG01443	AMR	1KG
HG01444	AMR	1KG
HG01447	AMR	1KG
HG01455	AMR	1KG
HG01456	AMR	1KG
HG01459	AMR	1KG
HG01461	AMR	1KG
HG01462	AMR	1KG
HG01464	AMR	1KG
HG01465	AMR	1KG
HG01468	AMR	1KG
HG01474	AMR	1KG
HG01479	AMR	1KG
HG01485	AMR	1KG
HG01486	AMR	1KG
HG01488	AMR	1KG
HG01489	AMR	1KG
HG01491	AMR	1KG
HG01492	AMR	1KG
HG01494	AMR	1KG
HG01495	AMR	1KG
HG01497	AMR	1KG
HG01498	AMR	1KG
HG01500	EUR	1KG
HG01501	EUR	1KG
HG01503	EUR	1KG
HG01504	EUR	1KG
HG01506	EUR	1KG
HG01507	EUR	1KG
HG01509	EUR	1KG
HG01510	EUR	1KG
HG01512	EUR	1KG
HG01513	EUR	1KG
HG01515	EUR	1KG
HG01516	EUR	1KG
HG01518	EUR	1KG
HG01519	EUR	1KG
HG01521	EUR	1KG
HG01522	EUR	1KG
HG01524	EUR	1KG
HG01525	EUR	1KG
HG01527	EUR	1KG
HG01528	EUR	1KG
HG01530	EUR	1KG
HG01531	EUR	1KG
HG01536	EUR	1KG
HG01537	EUR	1KG
HG01550	AMR	1KG
HG01551	AMR	1KG
HG01556	AMR	1KG
HG01565	AMR	1KG
HG01566	AMR	1KG
HG01571	AMR	1KG
HG01572	AMR	1KG
HG01577	AMR	1KG
HG01578	AMR	1KG
HG01583	CSA	1KG
HG01586	CSA	1KG
HG01589	CSA	1KG
HG01593	CSA	1KG
HG01595	EAS	1KG
HG01596	EAS	1KG
HG01597	EAS	1KG
HG01598	EAS	1KG
HG01599	EAS	1KG
HG01600	EAS	1KG
HG01602	EUR	1KG
HG01603	EUR	1KG
HG01605	EUR	1KG
HG01606	EUR	1KG
HG01607	EUR	1KG
HG01608	EUR	1KG
HG01610	EUR	1KG
HG01612	EUR	1KG
HG01613	EUR	1KG
HG01615	EUR	1KG
HG01617	EUR	1KG
HG01618	EUR	1KG
HG01619	EUR	1KG
HG01620	EUR	1KG
HG01623	EUR	1KG
HG01624	EUR	1KG
HG01625	EUR	1KG
HG01626	EUR	1KG
HG01631	EUR	1KG
HG01632	EUR	1KG
HG01668	EUR	1KG
HG01669	EUR	1KG
HG01670	EUR	1KG
HG01672	EUR	1KG
HG01673	EUR	1KG
HG01675	EUR	1KG
HG01676	EUR	1KG
HG01678	EUR	1KG
HG01679	EUR	1KG
HG01680	EUR	1KG
HG01682	EUR	1KG
HG01684	EUR	1KG
HG01685	EUR	1KG
HG01686	EUR	1KG
HG01695	EUR	1KG
HG01697	EUR	1KG
HG01699	EUR	1KG
HG01700	EUR	1KG
HG01702	EUR	1KG
HG01704	EUR	1KG
HG01705	EUR	1KG
HG01707	EUR	1KG
HG01708	EUR	1KG
HG01709	EUR	1KG
HG01710	EUR	1KG
HG01746	EUR	1KG
HG01747	EUR	1KG
HG01756	EUR	1KG
HG01757	EUR	1KG
HG01761	EUR	1KG
HG01762	EUR	1KG
HG01765	EUR	1KG
HG01766	EUR	1KG
HG01767	EUR	1KG
HG01768	EUR	1KG
HG01770	EUR	1KG
HG01771	EUR	1KG
HG01773	EUR	1KG
HG01775	EUR	1KG
HG01776	EUR	1KG
HG01777	EUR	1KG
HG01779	EUR	1KG
HG01781	EUR	1KG
HG01783	EUR	1KG
HG01784	EUR	1KG
HG01785	EUR	1KG
HG01786	EUR	1KG
HG01789	EUR	1KG
HG01790	EUR	1KG
HG01791	EUR	1KG
HG01794	EAS	1KG
HG01796	EAS	1KG
HG01797	EAS	1KG
HG01798	EAS	1KG
HG01799	EAS	1KG
HG01800	EAS	1KG
HG01801	EAS	1KG
HG01802	EAS	1KG
HG01804	EAS	1KG
HG01805	EAS	1KG
HG01806	EAS	1KG
HG01807	EAS	1KG
HG01808	EAS	1KG
HG01809	EAS	1KG
HG01810	EAS	1KG
HG01811	EAS	1KG
HG01812	EAS	1KG
HG01813	EAS	1KG
HG01815	EAS	1KG
HG01816	EAS	1KG
HG01817	EAS	1KG
HG01840	EAS	1KG
HG01841	EAS	1KG
HG01842	EAS	1KG
HG01843	EAS	1KG
HG01844	EAS	1KG
HG01845	EAS	1KG
HG01846	EAS	1KG
HG01847	EAS	1KG
HG01848	EAS	1KG
HG01849	EAS	1KG
HG01850	EAS	1KG
HG01851	EAS	1KG
HG01852	EAS	1KG
HG01853	EAS	1KG
HG01855	EAS	1KG
HG01857	EAS	1KG
HG01858	EAS	1KG
HG01859	EAS	1KG
HG01860	EAS	1KG
HG01861	EAS	1KG
HG01862	EAS	1KG
HG01863	EAS	1KG
HG01864	EAS	1KG
HG01865	EAS	1KG
HG01866	EAS	1KG
HG01867	EAS	1KG
HG01868	EAS	1KG
HG01869	EAS	1KG
HG01870	EAS	1KG
HG01871	EAS	1KG
HG01872	EAS	1KG
HG01873	EAS	1KG
HG01874	EAS	1KG
HG01878	EAS	1KG
HG01879	AFR	1KG
HG01882	AFR	1KG
HG01883	AFR	1KG
HG01885	AFR	1KG
HG01886	AFR	1KG
HG01889	AFR	1KG
HG01890	AFR	1KG
HG01892	AMR	1KG
HG01893	AMR	1KG
HG01894	AFR	1KG
HG01896	AFR	1KG
HG01912	AFR	1KG
HG01914	AFR	1KG
HG01915	AFR	1KG
HG01917	AMR	1KG
HG01918	AMR	1KG
HG01920	AMR	1KG
HG01921	AMR	1KG
HG01923	AMR	1KG
HG01924	AMR	1KG
HG01926	AMR	1KG
HG01927	AMR	1KG
HG01932	AMR	1KG
HG01933	AMR	1KG
HG01935	AMR	1KG
HG01936	AMR	1KG
HG01938	AMR	1KG
HG01939	AMR	1KG
HG01941	AMR	1KG
HG01942	AMR	1KG
HG01944	AMR	1KG
HG01945	AMR	1KG
HG01947	AMR	1KG
HG01948	AMR	1KG
HG01950	AMR	1KG
HG01951	AMR	1KG
HG01953	AMR	1KG
HG01954	AMR	1KG
HG01956	AFR	1KG
HG01958	AFR	1KG
HG01961	AMR	1KG
HG01965	AMR	1KG
HG01967	AMR	1KG
HG01968	AMR	1KG
HG01970	AMR	1KG
HG01971	AMR	1KG
HG01973	AMR	1KG
HG01974	AMR	1KG
HG01976	AMR	1KG
HG01977	AMR	1KG
HG01979	AMR	1KG
HG01980	AMR	1KG
HG01982	AMR	1KG
HG01985	AFR	1KG
HG01986	AFR	1KG
HG01988	AFR	1KG
HG01989	AFR	1KG
HG01990	AFR	1KG
HG01991	AMR	1KG
HG01992	AMR	1KG
HG01997	AMR	1KG
HG02002	AMR	1KG
HG02003	AMR	1KG
HG02006	AMR	1KG
HG02008	AMR	1KG
HG02009	AFR	1KG
HG02010	AFR	1KG
HG02012	AFR	1KG
HG02013	AFR	1KG
HG02014	AFR	1KG
HG02016	EAS	1KG
HG02017	EAS	1KG
HG02019	EAS	1KG
HG02020	EAS	1KG
HG02023	EAS	1KG
HG02025	EAS	1KG
HG02026	EAS	1KG
HG02028	EAS	1KG
HG02029	EAS	1KG
HG02031	EAS	1KG
HG02032	EAS	1KG
HG02035	EAS	1KG
HG02040	EAS	1KG
HG02047	EAS	1KG
HG02048	EAS	1KG
HG02049	EAS	1KG
HG02050	EAS	1KG
HG02051	AFR	1KG
HG02052	AFR	1KG
HG02053	AFR	1KG
HG02054	AFR	1KG
HG02057	EAS	1KG
HG02058	EAS	1KG
HG02060	EAS	1KG
HG02061	EAS	1KG
HG02064	EAS	1KG
HG02067	EAS	1KG
HG02069	EAS	1KG
HG02070	EAS	1KG
HG02072	EAS	1KG
HG02073	EAS	1KG
HG02075	EAS	1KG
HG02076	EAS	1KG
HG02078	EAS	1KG
HG02079	EAS	1KG
HG02081	EAS	1KG
HG02082	EAS	1KG
HG02084	EAS	1KG
HG02085	EAS	1KG
HG02086	EAS	1KG
HG02087	EAS	1KG
HG02088	EAS	1KG
HG02089	AMR	1KG
HG02090	AMR	1KG
HG02095	AFR	1KG
HG02102	AMR	1KG
HG02104	AMR	1KG
HG02105	AMR	1KG
HG02107	AFR	1KG
HG02108	AFR	1KG
HG02111	AFR	1KG
HG02113	EAS	1KG
HG02116	EAS	1KG
HG02121	EAS	1KG
HG02122	EAS	1KG
HG02127	EAS	1KG
HG02128	EAS	1KG
HG02130	EAS	1KG
HG02131	EAS	1KG
HG02133	EAS	1KG
HG02134	EAS	1KG
HG02136	EAS	1KG
HG02137	EAS	1KG
HG02138	EAS	1KG
HG02139	EAS	1KG
HG02140	EAS	1KG
HG02141	EAS	1KG
HG02142	EAS	1KG
HG02143	AFR	1KG
HG02144	AFR	1KG
HG02146	AMR	1KG
HG02147	AMR	1KG
HG02150	AMR	1KG
HG02151	EAS	1KG
HG02152	EAS	1KG
HG02153	EAS	1KG
HG02154	EAS	1KG
HG02155	EAS	1KG
HG02164	EAS	1KG
HG02165	EAS	1KG
HG02166	EAS	1KG
HG02178	EAS	1KG
HG02179	EAS	1KG
HG02180	EAS	1KG
HG02181	EAS	1KG
HG02182	EAS	1KG
HG02184	EAS	1KG
HG02185	EAS	1KG
HG02186	EAS	1KG
HG02187	EAS	1KG
HG02188	EAS	1KG
HG02190	EAS	1KG
HG02215	EUR	1KG
HG02219	EUR	1KG
HG02220	EUR	1KG
HG02221	EUR	1KG
HG02223	EUR	1KG
HG02224	EUR	1KG
HG02230	EUR	1KG
HG02231	EUR	1KG
HG02232	EUR	1KG
HG02233	EUR	1KG
HG02235	EUR	1KG
HG02236	EUR	1KG
HG02238	EUR	1KG
HG02239	EUR	1KG
HG02250	EAS	1KG
HG02252	AMR	1KG
HG02253	AMR	1KG
HG02255	AFR	1KG
HG02256	AFR	1KG
HG02259	AMR	1KG
HG02260	AMR	1KG
HG02262	AMR	1KG
HG02265	AMR	1KG
HG02266	AMR	1KG
HG02271	AMR	1KG
HG02272	AMR	1KG
HG02274	AMR	1KG
HG02275	AMR	1KG
HG02277	AMR	1KG
HG02278	AMR	1KG
HG02281	AFR	1KG
HG02282	AFR	1KG
HG02283	AFR	1KG
HG02284	AFR	1KG
HG02285	AMR	1KG
HG02286	AMR	1KG
HG02291	AMR	1KG
HG02292	AMR	1KG
HG02299	AMR	1KG
HG02301	AMR	1KG
HG02302	AMR	1KG
HG02304	AMR	1KG
HG02307	AFR	1KG
HG02308	AFR	1KG
HG02309	AFR	1KG
HG02312	AMR	1KG
HG02314	AFR	1KG
HG02315	AFR	1KG
HG02317	AFR	1KG
HG02318	AFR	1KG
HG02322	AFR	1KG
HG02323	AFR	1KG
HG02325	AFR	1KG
HG02330	AFR	1KG
HG02332	AFR	1KG
HG02334	AFR	1KG
HG02337	AFR	1KG
HG02339	AFR	1KG
HG02343	AFR	1KG
HG02345	AMR	1KG
HG02348	AMR	1KG
HG02351	EAS	1KG
HG02353	EAS	1KG
HG02355	EAS	1KG
HG02356	EAS	1KG
HG02360	EAS	1KG
HG02364	EAS	1KG
HG02367	EAS	1KG
HG02371	EAS	1KG
HG02373	EAS	1KG
HG02374	EAS	1KG
HG02375	EAS	1KG
HG02380	EAS	1KG
HG02382	EAS	1KG
HG02383	EAS	1KG
HG02385	EAS	1KG
HG02386	EAS	1KG
HG02389	EAS	1KG
HG02390	EAS	1KG
HG02391	EAS	1KG
HG02392	EAS	1KG
HG02394	EAS	1KG
HG02395	EAS	1KG
HG02396	EAS	1KG
HG02397	EAS	1KG
HG02398	EAS	1KG
HG02399	EAS	1KG
HG02401	EAS	1KG
HG02402	EAS	1KG
HG02406	EAS	1KG
HG02407	EAS	1KG
HG02408	EAS	1KG
HG02409	EAS	1KG
HG02410	EAS	1KG
HG02419	AFR	1KG
HG02420	AFR	1KG
HG02425	AMR	1KG
HG02427	AFR	1KG
HG02429	AFR	1KG
HG02433	AFR	1KG
HG02439	AFR	1KG
HG02442	AFR	1KG
HG02445	AFR	1KG
HG02449	AFR	1KG
HG02450	AFR	1KG
HG02455	AFR	1KG
HG02461	AFR	1KG
HG02462	AFR	1KG
HG02464	AFR	1KG
HG02465	AFR	1KG
HG02470	AFR	1KG
HG02471	AFR	1KG
HG02476	AFR	1KG
HG02477	AFR	1KG
HG02481	AFR	1KG
HG02484	AFR	1KG
HG02485	AFR	1KG
HG02489	AFR	1KG
HG02490	CSA	1KG
HG02491	CSA	1KG
HG02493	CSA	1KG
HG02494	CSA	1KG
HG02496	AFR	1KG
HG02497	AFR	1KG
HG02501	AFR	1KG
HG02502	AFR	1KG
HG02505	AFR	1KG
HG02508	AFR	1KG
HG02511	AFR	1KG
HG02512	EAS	1KG
HG02513	EAS	1KG
HG02521	EAS	1KG
HG02522	EAS	1KG
HG02524	EAS	1KG
HG02525	EAS	1KG
HG02536	AFR	1KG
HG02537	AFR	1KG
HG02541	AFR	1KG
HG02545	AFR	1KG
HG02546	AFR	1KG
HG02549	AFR	1KG
HG02554	AFR	1KG
HG02555	AFR	1KG
HG02557	AFR	1KG
HG02558	AFR	1KG
HG02561	AFR	1KG
HG02562	AFR	1KG
HG02569	AFR	1KG
HG02570	AFR	1KG
HG02571	AFR	1KG
HG02573	AFR	1KG
HG02574	AFR	1KG
HG02577	AFR	1KG
HG02580	AFR	1KG
HG02582	AFR	1KG
HG02583	AFR	1KG
HG02585	AFR	1KG
HG02586	AFR	1KG
HG02588	AFR	1KG
HG02589	AFR	1KG
HG02594	AFR	1KG
HG02595	AFR	1KG
HG02597	CSA	1KG
HG02600	CSA	1KG
HG02601	CSA	1KG
HG02603	CSA	1KG
HG02604	CSA	1KG
HG02610	AFR	1KG
HG02611	AFR	1KG
HG02613	AFR	1KG
HG02614	AFR	1KG
HG02620	AFR	1KG
HG02621	AFR	1KG
HG02625	AFR	1KG
HG02628	AFR	1KG
HG02629	AFR	1KG
HG02634	AFR	1KG
HG02635	AFR	1KG
HG02642	AFR	1KG
HG02643	AFR	1KG
HG02645	AFR	1KG
HG02646	AFR	1KG
HG02648	CSA	1KG
HG02651	CSA	1KG
HG02652	CSA	1KG
HG02654	CSA	1KG
HG02655	CSA	1KG
HG02657	CSA	1KG
HG02660	CSA	1KG
HG02661	CSA	1KG
HG02666	AFR	1KG
HG02667	AFR	1KG
HG02675	AFR	1KG
HG02676	AFR	1KG
HG02678	AFR	1KG
HG02679	AFR	1KG
HG02682	CSA	1KG
HG02684	CSA	1KG
HG02685	CSA	1KG
HG02687	CSA	1KG
HG02688	CSA	1KG
HG02691	CSA	1KG
HG02694	CSA	1KG
HG02696	CSA	1KG
HG02697	CSA	1KG
HG02700	CSA	1KG
HG02702	AFR	1KG
HG02703	AFR	1KG
HG02715	AFR	1KG
HG02716	AFR	1KG
HG02721	AFR	1KG
HG02722	AFR	1KG
HG02724	CSA	1KG
HG02725	CSA	1KG
HG02727	CSA	1KG
HG02728	CSA	1KG
HG02731	CSA	1KG
HG02733	CSA	1KG
HG02734	CSA	1KG
HG02736	CSA	1KG
HG02737	CSA	1KG
HG02756	AFR	1KG
HG02757	AFR	1KG
HG02759	AFR	1KG
HG02760	AFR	1KG
HG02762	AFR	1KG
HG02763	AFR	1KG
HG02768	AFR	1KG
HG02769	AFR	1KG
HG02771	AFR	1KG
HG02772	AFR	1KG
HG02774	CSA	1KG
HG02775	CSA	1KG
HG02778	CSA	1KG
HG02780	CSA	1KG
HG02783	CSA	1KG
HG02784	CSA	1KG
HG02786	CSA	1KG
HG02787	CSA	1KG
HG02789	CSA	1KG
HG02790	CSA	1KG
HG02792	CSA	1KG
HG02793	CSA	1KG
HG02798	AFR	1KG
HG02799	AFR	1KG
HG02804	AFR	1KG
HG02805	AFR	1KG
HG02807	AFR	1KG
HG02808	AFR	1KG
HG02810	AFR	1KG
HG02811	AFR	1KG
HG02813	AFR	1KG
HG02814	AFR	1KG
HG02816	AFR	1KG
HG02817	AFR	1KG
HG02819	AFR	1KG
HG02820	AFR	1KG
HG02836	AFR	1KG
HG02837	AFR	1KG
HG02839	AFR	1KG
HG02840	AFR	1KG
HG02851	AFR	1KG
HG02852	AFR	1KG
HG02854	AFR	1KG
HG02855	AFR	1KG
HG02860	AFR	1KG
HG02861	AFR	1KG
HG02871	AFR	1KG
HG02878	AFR	1KG
HG02879	AFR	1KG
HG02881	AFR	1KG
HG02882	AFR	1KG
HG02884	AFR	1KG
HG02885	AFR	1KG
HG02887	AFR	1KG
HG02888	AFR	1KG
HG02890	AFR	1KG
HG02891	AFR	1KG
HG02895	AFR	1KG
HG02896	AFR	1KG
HG02922	AFR	1KG
HG02923	AFR	1KG
HG02938	AFR	1KG
HG02941	AFR	1KG
HG02943	AFR	1KG
HG02944	AFR	1KG
HG02946	AFR	1KG
HG02947	AFR	1KG
HG02952	AFR	1KG
HG02953	AFR	1KG
HG02964	AFR	1KG
HG02965	AFR	1KG
HG02968	AFR	1KG
HG02970	AFR	1KG
HG02971	AFR	1KG
HG02973	AFR	1KG
HG02974	AFR	1KG
HG02976	AFR	1KG
HG02977	AFR	1KG
HG02979	AFR	1KG
HG02981	AFR	1KG
HG02982	AFR	1KG
HG02983	AFR	1KG
HG03006	CSA	1KG
HG03007	CSA	1KG
HG03009	CSA	1KG
HG03012	CSA	1KG
HG03015	CSA	1KG
HG03016	CSA	1KG
HG03018	CSA	1KG
HG03021	CSA	1KG
HG03022	CSA	1KG
HG03024	AFR	1KG
HG03025	AFR	1KG
HG03027	AFR	1KG
HG03028	AFR	1KG
HG03033	AFR	1KG
HG03034	AFR	1KG
HG03039	AFR	1KG
HG03040	AFR	1KG
HG03045	AFR	1KG
HG03046	AFR	1KG
HG03048	AFR	1KG
HG03049	AFR	1KG
HG03052	AFR	1KG
HG03054	AFR	1KG
HG03055	AFR	1KG
HG03057	AFR	1KG
HG03058	AFR	1KG
HG03060	AFR	1KG
HG03061	AFR	1KG
HG03063	AFR	1KG
HG03064	AFR	1KG
HG03066	AFR	1KG
HG03069	AFR	1KG
HG03072	AFR	1KG
HG03073	AFR	1KG
HG03074	AFR	1KG
HG03077	AFR	1KG
HG03078	AFR	1KG
HG03079	AFR	1KG
HG03081	AFR	1KG
HG03082	AFR	1KG
HG03084	AFR	1KG
HG03085	AFR	1KG
HG03086	AFR	1KG
HG03088	AFR	1KG
HG03091	AFR	1KG
HG03095	AFR	1KG
HG03098	AFR	1KG
HG03099	AFR	1KG
HG03100	AFR	1KG
HG03103	AFR	1KG
HG03105	AFR	1KG
HG03108	AFR	1KG
HG03109	AFR	1KG
HG03111	AFR	1KG
HG03112	AFR	1KG
HG03114	AFR	1KG
HG03115	AFR	1KG
HG03117	AFR	1KG
HG03118	AFR	1KG
HG03120	AFR	1KG
HG03121	AFR	1KG
HG03123	AFR	1KG
HG03124	AFR	1KG
HG03126	AFR	1KG
HG03127	AFR	1KG
HG03129	AFR	1KG
HG03130	AFR	1KG
HG03132	AFR	1KG
HG03133	AFR	1KG
HG03135	AFR	1KG
HG03136	AFR	1KG
HG03139	AFR	1KG
HG03157	AFR	1KG
HG03159	AFR	1KG
HG03160	AFR	1KG
HG03162	AFR	1KG
HG03163	AFR	1KG
HG03166	AFR	1KG
HG03168	AFR	1KG
HG03169	AFR	1KG
HG03172	AFR	1KG
HG03175	AFR	1KG
HG03189	AFR	1KG
HG03190	AFR	1KG
HG03193	AFR	1KG
HG03195	AFR	1KG
HG03196	AFR	1KG
HG03198	AFR	1KG
HG03199	AFR	1KG
HG03202	AFR	1KG
HG03209	AFR	1KG
HG03212	AFR	1KG
HG03224	AFR	1KG
HG03225	AFR	1KG
HG03228	CSA	1KG
HG03234	CSA	1KG
HG03235	CSA	1KG
HG03237	CSA	1KG
HG03238	CSA	1KG
HG03240	AFR	1KG
HG03241	AFR	1KG
HG03246	AFR	1KG
HG03247	AFR	1KG
HG03249	AFR	1KG
HG03258	AFR	1KG
HG03259	AFR	1KG
HG03265	AFR	1KG
HG03267	AFR	1KG
HG03268	AFR	1KG
HG03270	AFR	1KG
HG03271	AFR	1KG
HG03279	AFR	1KG
HG03280	AFR	1KG
HG03291	AFR	1KG
HG03294	AFR	1KG
HG03295	AFR	1KG
HG03297	AFR	1KG
HG03298	AFR	1KG
HG03302	AFR	1KG
HG03303	AFR	1KG
HG03304	AFR	1KG
HG03306	AFR	1KG
HG03307	AFR	1KG
HG03309	AFR	1KG
HG03311	AFR	1KG
HG03312	AFR	1KG
HG03313	AFR	1KG
HG03342	AFR	1KG
HG03343	AFR	1KG
HG03350	AFR	1KG
HG03354	AFR	1KG
HG03363	AFR	1KG
HG03366	AFR	1KG
HG03367	AFR	1KG
HG03369	AFR	1KG
HG03370	AFR	1KG
HG03372	AFR	1KG
HG03373	AFR	1KG
HG03376	AFR	1KG
HG03378	AFR	1KG
HG03380	AFR	1KG
HG03382	AFR	1KG
HG03385	AFR	1KG
HG03388	AFR	1KG
HG03391	AFR	1KG
HG03394	AFR	1KG
HG03397	AFR	1KG
HG03401	AFR	1KG
HG03410	AFR	1KG
HG03419	AFR	1KG
HG03428	AFR	1KG
HG03432	AFR	1KG
HG03433	AFR	1KG
HG03436	AFR	1KG
HG03437	AFR	1KG
HG03439	AFR	1KG
HG03442	AFR	1KG
HG03445	AFR	1KG
HG03446	AFR	1KG
HG03449	AFR	1KG
HG03451	AFR	1KG
HG03452	AFR	1KG
HG03454	AFR	1KG
HG03455	AFR	1KG
HG03458	AFR	1KG
HG03460	AFR	1KG
HG03461	AFR	1KG
HG03469	AFR	1KG
HG03470	AFR	1KG
HG03472	AFR	1KG
HG03473	AFR	1KG
HG03476	AFR	1KG
HG03480	AFR	1KG
HG03484	AFR	1KG
HG03485	AFR	1KG
HG03487	CSA	1KG
HG03488	CSA	1KG
HG03490	CSA	1KG
HG03491	CSA	1KG
HG03499	AFR	1KG
HG03514	AFR	1KG
HG03515	AFR	1KG
HG03517	AFR	1KG
HG03518	AFR	1KG
HG03520	AFR	1KG
HG03521	AFR	1KG
HG03538	AFR	1KG
HG03539	AFR	1KG
HG03547	AFR	1KG
HG03548	AFR	1KG
HG03556	AFR	1KG
HG03557	AFR	1KG
HG03558	AFR	1KG
HG03559	AFR	1KG
HG03563	AFR	1KG
HG03565	AFR	1KG
HG03567	AFR	1KG
HG03571	AFR	1KG
HG03572	AFR	1KG
HG03576	AFR	1KG
HG03577	AFR	1KG
HG03578	AFR	1KG
HG03582	AFR	1KG
HG03583	AFR	1KG
HG03585	CSA	1KG
HG03589	CSA	1KG
HG03593	CSA	1KG
HG03594	CSA	1KG
HG03595	CSA	1KG
HG03598	CSA	1KG
HG03600	CSA	1KG
HG03603	CSA	1KG
HG03604	CSA	1KG
HG03606	CSA	1KG
HG03607	CSA	1KG
HG03611	CSA	1KG
HG03615	CSA	1KG
HG03616	CSA	1KG
HG03618	CSA	1KG
HG03619	CSA	1KG
HG03624	CSA	1KG
HG03625	CSA	1KG
HG03629	CSA	1KG
HG03631	CSA	1KG
HG03633	CSA	1KG
HG03634	CSA	1KG
HG03636	CSA	1KG
HG03639	CSA	1KG
HG03640	CSA	1KG
HG03642	CSA	1KG
HG03643	CSA	1KG
HG03644	CSA	1KG
HG03645	CSA	1KG
HG03646	CSA	1KG
HG03649	CSA	1KG
HG03650	CSA	1KG
HG03652	CSA	1KG
HG03653	CSA	1KG
HG03660	CSA	1KG
HG03663	CSA	1KG
HG03667	CSA	1KG
HG03668	CSA	1KG
HG03672	CSA	1KG
HG03673	CSA	1KG
HG03679	CSA	1KG
HG03680	CSA	1KG
HG03681	CSA	1KG
HG03682	CSA	1KG
HG03684	CSA	1KG
HG03685	CSA	1KG
HG03686	CSA	1KG
HG03687	CSA	1KG
HG03689	CSA	1KG
HG03690	CSA	1KG
HG03691	CSA	1KG
HG03692	CSA	1KG
HG03693	CSA	1KG
HG03694	CSA	1KG
HG03695	CSA	1KG
HG03696	CSA	1KG
HG03697	CSA	1KG
HG03698	CSA	1KG
HG03699	CSA	1KG
HG03700	CSA	1KG
HG03702	CSA	1KG
HG03703	CSA	1KG
HG03705	CSA	1KG
HG03706	CSA	1KG
HG03708	CSA	1KG
HG03709	CSA	1KG
HG03711	CSA	1KG
HG03713	CSA	1KG
HG03714	CSA	1KG
HG03716	CSA	1KG
HG03717	CSA	1KG
HG03718	CSA	1KG
HG03720	CSA	1KG
HG03721	CSA	1KG
HG03722	CSA	1KG
HG03725	CSA	1KG
HG03727	CSA	1KG
HG03729	CSA	1KG
HG03730	CSA	1KG
HG03731	CSA	1KG
HG03736	CSA	1KG
HG03738	CSA	1KG
HG03740	CSA	1KG
HG03741	CSA	1KG
HG03742	CSA	1KG
HG03743	CSA	1KG
HG03744	CSA	1KG
HG03745	CSA	1KG
HG03746	CSA	1KG
HG03752	CSA	1KG
HG03753	CSA	1KG
HG03754	CSA	1KG
HG03755	CSA	1KG
HG03756	CSA	1KG
HG03757	CSA	1KG
HG03760	CSA	1KG
HG03761	CSA	1KG
HG03762	CSA	1KG
HG03765	CSA	1KG
HG03767	CSA	1KG
HG03770	CSA	1KG
HG03771	CSA	1KG
HG03772	CSA	1KG
HG03773	CSA	1KG
HG03774	CSA	1KG
HG03775	CSA	1KG
HG03777	CSA	1KG
HG03778	CSA	1KG
HG03779	CSA	1KG
HG03780	CSA	1KG
HG03781	CSA	1KG
HG03782	CSA	1KG
HG03784	CSA	1KG
HG03785	CSA	1KG
HG03786	CSA	1KG
HG03787	CSA	1KG
HG03788	CSA	1KG
HG03789	CSA	1KG
HG03790	CSA	1KG
HG03792	CSA	1KG
HG03793	CSA	1KG
HG03794	CSA	1KG
HG03796	CSA	1KG
HG03797	CSA	1KG
HG03799	CSA	1KG
HG03800	CSA	1KG
HG03802	CSA	1KG
HG03803	CSA	1KG
HG03805	CSA	1KG
HG03806	CSA	1KG
HG03808	CSA	1KG
HG03809	CSA	1KG
HG03812	CSA	1KG
HG03814	CSA	1KG
HG03815	CSA	1KG
HG03817	CSA	1KG
HG03821	CSA	1KG
HG03823	CSA	1KG
HG03824	CSA	1KG
HG03826	CSA	1KG
HG03829	CSA	1KG
HG03830	CSA	1KG
HG03832	CSA	1KG
HG03833	CSA	1KG
HG03836	CSA	1KG
HG03837	CSA	1KG
HG03838	CSA	1KG
HG03844	CSA	1KG
HG03846	CSA	1KG
HG03848	CSA	1KG
HG03849	CSA	1KG
HG03850	CSA	1KG
HG03851	CSA	1KG
HG03854	CSA	1KG
HG03856	CSA	1KG
HG03857	CSA	1KG
HG03858	CSA	1KG
HG03861	CSA	1KG
HG03862	CSA	1KG
HG03863	CSA	1KG
HG03864	CSA	1KG
HG03866	CSA	1KG
HG03867	CSA	1KG
HG03868	CSA	1KG
HG03869	CSA	1KG
HG03870	CSA	1KG
HG03871	CSA	1KG
HG03872	CSA	1KG
HG03874	CSA	1KG
HG03875	CSA	1KG
HG03882	CSA	1KG
HG03884	CSA	1KG
HG03885	CSA	1KG
HG03886	CSA	1KG
HG03887	CSA	1KG
HG03888	CSA	1KG
HG03890	CSA	1KG
HG03894	CSA	1KG
HG03895	CSA	1KG
HG03897	CSA	1KG
HG03899	CSA	1KG
HG03900	CSA	1KG
HG03902	CSA	1KG
HG03904	CSA	1KG
HG03905	CSA	1KG
HG03907	CSA	1KG
HG03908	CSA	1KG
HG03910	CSA	1KG
HG03911	CSA	1KG
HG03913	CSA	1KG
HG03914	CSA	1KG
HG03916	CSA	1KG
HG03917	CSA	1KG
HG03919	CSA	1KG
HG03920	CSA	1KG
HG03922	CSA	1KG
HG03925	CSA	1KG
HG03926	CSA	1KG
HG03928	CSA	1KG
HG03929	CSA	1KG
HG03931	CSA	1KG
HG03934	CSA	1KG
HG03937	CSA	1KG
HG03940	CSA	1KG
HG03941	CSA	1KG
HG03943	CSA	1KG
HG03944	CSA	1KG
HG03945	CSA	1KG
HG03947	CSA	1KG
HG03949	CSA	1KG
HG03950	CSA	1KG
HG03951	CSA	1KG
HG03953	CSA	1KG
HG03960	CSA	1KG
HG03963	CSA	1KG
HG03965	CSA	1KG
HG03967	CSA	1KG
HG03968	CSA	1KG
HG03969	CSA	1KG
HG03971	CSA	1KG
HG03973	CSA	1KG
HG03974	CSA	1KG
HG03976	CSA	1KG
HG03977	CSA	1KG
HG03978	CSA	1KG
HG03985	CSA	1KG
HG03986	CSA	1KG
HG03989	CSA	1KG
HG03990	CSA	1KG
HG03991	CSA	1KG
HG03995	CSA	1KG
HG03999	CSA	1KG
HG04001	CSA	1KG
HG04002	CSA	1KG
HG04003	CSA	1KG
HG04006	CSA	1KG
HG04014	CSA	1KG
HG04015	CSA	1KG
HG04017	CSA	1KG
HG04018	CSA	1KG
HG04019	CSA	1KG
HG04020	CSA	1KG
HG04022	CSA	1KG
HG04023	CSA	1KG
HG04025	CSA	1KG
HG04026	CSA	1KG
HG04029	CSA	1KG
HG04033	CSA	1KG
HG04035	CSA	1KG
HG04038	CSA	1KG
HG04039	CSA	1KG
HG04042	CSA	1KG
HG04047	CSA	1KG
HG04054	CSA	1KG
HG04056	CSA	1KG
HG04059	CSA	1KG
HG04060	CSA	1KG
HG04061	CSA	1KG
HG04062	CSA	1KG
HG04063	CSA	1KG
HG04070	CSA	1KG
HG04075	CSA	1KG
HG04076	CSA	1KG
HG04080	CSA	1KG
HG04090	CSA	1KG
HG04093	CSA	1KG
HG04094	CSA	1KG
HG04096	CSA	1KG
HG04098	CSA	1KG
HG04099	CSA	1KG
HG04100	CSA	1KG
HG04106	CSA	1KG
HG04107	CSA	1KG
HG04118	CSA	1KG
HG04127	CSA	1KG
HG04131	CSA	1KG
HG04132	CSA	1KG
HG04134	CSA	1KG
HG04135	CSA	1KG
HG04140	CSA	1KG
HG04141	CSA	1KG
HG04144	CSA	1KG
HG04146	CSA	1KG
HG04147	CSA	1KG
HG04149	CSA	1KG
HG04150	CSA	1KG
HG04152	CSA	1KG
HG04153	CSA	1KG
HG04155	CSA	1KG
HG04156	CSA	1KG
HG04158	CSA	1KG
HG04159	CSA	1KG
HG04162	CSA	1KG
HG04164	CSA	1KG
HG04171	CSA	1KG
HG04173	CSA	1KG
HG04174	CSA	1KG
HG04176	CSA	1KG
HG04177	CSA	1KG
HG04180	CSA	1KG
HG04182	CSA	1KG
HG04183	CSA	1KG
HG04185	CSA	1KG
HG04186	CSA	1KG
HG04188	CSA	1KG
HG04189	CSA	1KG
HG04191	CSA	1KG
HG04194	CSA	1KG
HG04195	CSA	1KG
HG04198	CSA	1KG
HG04200	CSA	1KG
HG04206	CSA	1KG
HG04209	CSA	1KG
HG04210	CSA	1KG
HG04211	CSA	1KG
HG04212	CSA	1KG
HG04214	CSA	1KG
HG04216	CSA	1KG
HG04219	CSA	1KG
HG04222	CSA	1KG
HG04225	CSA	1KG
HG04227	CSA	1KG
HG04229	CSA	1KG
HG04235	CSA	1KG
HG04238	CSA	1KG
HG04239	CSA	1KG
HGDP00001	CSA	HGDP
HGDP00003	CSA	HGDP
HGDP00005	CSA	HGDP
HGDP00007	CSA	HGDP
HGDP00009	CSA	HGDP
HGDP00011	CSA	HGDP
HGDP00015	CSA	HGDP
HGDP00017	CSA	HGDP
HGDP00021	CSA	HGDP
HGDP00023	CSA	HGDP
HGDP00025	CSA	HGDP
HGDP00031	CSA	HGDP
HGDP00033	CSA	HGDP
HGDP00035	CSA	HGDP
HGDP00037	CSA	HGDP
HGDP00039	CSA	HGDP
HGDP00041	CSA	HGDP
HGDP00043	CSA	HGDP
HGDP00045	CSA	HGDP
HGDP00047	CSA	HGDP
HGDP00049	CSA	HGDP
HGDP00052	CSA	HGDP
HGDP00054	CSA	HGDP
HGDP00056	CSA	HGDP
HGDP00060	CSA	HGDP
HGDP00062	CSA	HGDP
HGDP00064	CSA	HGDP
HGDP00066	CSA	HGDP
HGDP00068	CSA	HGDP
HGDP00070	CSA	HGDP
HGDP00072	CSA	HGDP
HGDP00074	CSA	HGDP
HGDP00076	CSA	HGDP
HGDP00078	CSA	HGDP
HGDP00080	CSA	HGDP
HGDP00082	CSA	HGDP
HGDP00086	CSA	HGDP
HGDP00088	CSA	HGDP
HGDP00092	CSA	HGDP
HGDP00094	CSA	HGDP
HGDP00096	CSA	HGDP
HGDP00098	CSA	HGDP
HGDP00099	CSA	HGDP
HGDP00100	CSA	HGDP
HGDP00103	CSA	HGDP
HGDP00105	CSA	HGDP
HGDP00106	CSA	HGDP
HGDP00109	CSA	HGDP
HGDP00110	CSA	HGDP
HGDP00115	CSA	HGDP
HGDP00118	CSA	HGDP
HGDP00119	CSA	HGDP
HGDP00120	CSA	HGDP
HGDP00121	CSA	HGDP
HGDP00127	CSA	HGDP
HGDP00129	CSA	HGDP
HGDP00131	CSA	HGDP
HGDP00133	CSA	HGDP
HGDP00134	CSA	HGDP
HGDP00135	CSA	HGDP
HGDP00136	CSA	HGDP
HGDP00137	CSA	HGDP
HGDP00139	CSA	HGDP
HGDP00140	CSA	HGDP
HGDP00141	CSA	HGDP
HGDP00143	CSA	HGDP
HGDP00144	CSA	HGDP
HGDP00145	CSA	HGDP
HGDP00146	CSA	HGDP
HGDP00148	CSA	HGDP
HGDP00149	CSA	HGDP
HGDP00151	CSA	HGDP
HGDP00153	CSA	HGDP
HGDP00154	CSA	HGDP
HGDP00155	CSA	HGDP
HGDP00158	CSA	HGDP
HGDP00161	CSA	HGDP
HGDP00163	CSA	HGDP
HGDP00165	CSA	HGDP
HGDP00167	CSA	HGDP
HGDP00169	CSA	HGDP
HGDP00171	CSA	HGDP
HGDP00173	CSA	HGDP
HGDP00177	CSA	HGDP
HGDP00179	CSA	HGDP
HGDP00181	CSA	HGDP
HGDP00183	CSA	HGDP
HGDP00185	CSA	HGDP
HGDP00187	CSA	HGDP
HGDP00189	CSA	HGDP
HGDP00191	CSA	HGDP
HGDP00192	CSA	HGDP
HGDP00197	CSA	HGDP
HGDP00199	CSA	HGDP
HGDP00201	CSA	HGDP
HGDP00205	CSA	HGDP
HGDP00206	CSA	HGDP
HGDP00210	CSA	HGDP
HGDP00213	CSA	HGDP
HGDP00214	CSA	HGDP
HGDP00218	CSA	HGDP
HGDP00222	CSA	HGDP
HGDP00224	CSA	HGDP
HGDP00226	CSA	HGDP
HGDP00228	CSA	HGDP
HGDP00230	CSA	HGDP
HGDP00234	CSA	HGDP
HGDP00237	CSA	HGDP
HGDP00239	CSA	HGDP
HGDP00241	CSA	HGDP
HGDP00243	CSA	HGDP
HGDP00244	CSA	HGDP
HGDP00247	CSA	HGDP
HGDP00248	CSA	HGDP
HGDP00251	CSA	HGDP
HGDP00254	CSA	HGDP
HGDP00258	CSA	HGDP
HGDP00259	CSA	HGDP
HGDP00262	CSA	HGDP
HGDP00264	CSA	HGDP
HGDP00277	CSA	HGDP
HGDP00279	CSA	HGDP
HGDP00281	CSA	HGDP
HGDP00285	CSA	HGDP
HGDP00288	CSA	HGDP
HGDP00290	CSA	HGDP
HGDP00298	CSA	HGDP
HGDP00302	CSA	HGDP
HGDP00304	CSA	HGDP
HGDP00307	CSA	HGDP
HGDP00309	CSA	HGDP
HGDP00311	CSA	HGDP
HGDP00313	CSA	HGDP
HGDP00315	CSA	HGDP
HGDP00319	CSA	HGDP
HGDP00323	CSA	HGDP
HGDP00326	CSA	HGDP
HGDP00330	CSA	HGDP
HGDP00333	CSA	HGDP
HGDP00341	CSA	HGDP
HGDP00346	CSA	HGDP
HGDP00351	CSA	HGDP
HGDP00356	CSA	HGDP
HGDP00359	CSA	HGDP
HGDP00364	CSA	HGDP
HGDP00371	CSA	HGDP
HGDP00372	CSA	HGDP
HGDP00376	CSA	HGDP
HGDP00382	CSA	HGDP
HGDP00388	CSA	HGDP
HGDP00392	CSA	HGDP
HGDP00397	CSA	HGDP
HGDP00402	CSA	HGDP
HGDP00407	CSA	HGDP
HGDP00412	CSA	HGDP
HGDP00417	CSA	HGDP
HGDP00423	CSA	HGDP
HGDP00433	CSA	HGDP
HGDP00438	CSA	HGDP
HGDP00444	CSA	HGDP
HGDP00445	CSA	HGDP
HGDP00450	AFR	HGDP
HGDP00452	AFR	HGDP
HGDP00453	AFR	HGDP
HGDP00454	AFR	HGDP
HGDP00455	AFR	HGDP
HGDP00458	AFR	HGDP
HGDP00459	AFR	HGDP
HGDP00460	AFR	HGDP
HGDP00462	AFR	HGDP
HGDP00463	AFR	HGDP
HGDP00464	AFR	HGDP
HGDP00465	AFR	HGDP
HGDP00466	AFR	HGDP
HGDP00467	AFR	HGDP
HGDP00469	AFR	HGDP
HGDP00470	AFR	HGDP
HGDP00471	AFR	HGDP
HGDP00472	AFR	HGDP
HGDP00473	AFR	HGDP
HGDP00475	AFR	HGDP
HGDP00478	AFR	HGDP
HGDP00491	OCE	HGDP
HGDP00511	EUR	HGDP
HGDP00512	EUR	HGDP
HGDP00513	EUR	HGDP
HGDP00514	EUR	HGDP
HGDP00515	EUR	HGDP
HGDP00516	EUR	HGDP
HGDP00517	EUR	HGDP
HGDP00518	EUR	HGDP
HGDP00519	EUR	HGDP
HGDP00520	EUR	HGDP
HGDP00522	EUR	HGDP
HGDP00523	EUR	HGDP
HGDP00524	EUR	HGDP
HGDP00525	EUR	HGDP
HGDP00527	EUR	HGDP
HGDP00528	EUR	HGDP
HGDP00529	EUR	HGDP
HGDP00531	EUR	HGDP
HGDP00534	EUR	HGDP
HGDP00535	EUR	HGDP
HGDP00536	EUR	HGDP
HGDP00537	EUR	HGDP
HGDP00538	EUR	HGDP
HGDP00539	EUR	HGDP
HGDP00540	OCE	HGDP
HGDP00541	OCE	HGDP
HGDP00542	OCE	HGDP
HGDP00543	OCE	HGDP
HGDP00544	OCE	HGDP
HGDP00545	OCE	HGDP
HGDP00546	OCE	HGDP
HGDP00547	OCE	HGDP
HGDP00549	OCE	HGDP
HGDP00550	OCE	HGDP
HGDP00551	OCE	HGDP
HGDP00553	OCE	HGDP
HGDP00555	OCE	HGDP
HGDP00556	OCE	HGDP
HGDP00557	MID	HGDP
HGDP00559	MID	HGDP
HGDP00560	MID	HGDP
HGDP00561	MID	HGDP
HGDP00562	MID	HGDP
HGDP00563	MID	HGDP
HGDP00564	MID	HGDP
HGDP00565	MID	HGDP
HGDP00566	MID	HGDP
HGDP00568	MID	HGDP
HGDP00571	MID	HGDP
HGDP00572	MID	HGDP
HGDP00573	MID	HGDP
HGDP00574	MID	HGDP
HGDP00575	MID	HGDP
HGDP00576	MID	HGDP
HGDP00579	MID	HGDP
HGDP00580	MID	HGDP
HGDP00582	MID	HGDP
HGDP00584	MID	HGDP
HGDP00586	MID	HGDP
HGDP00587	MID	HGDP
HGDP00588	MID	HGDP
HGDP00590	MID	HGDP
HGDP00591	MID	HGDP
HGDP00595	MID	HGDP
HGDP00598	MID	HGDP
HGDP00599	MID	HGDP
HGDP00600	MID	HGDP
HGDP00601	MID	HGDP
HGDP00602	MID	HGDP
HGDP00604	MID	HGDP
HGDP00606	MID	HGDP
HGDP00607	MID	HGDP
HGDP00608	MID	HGDP
HGDP00609	MID	HGDP
HGDP00610	MID	HGDP
HGDP00611	MID	HGDP
HGDP00613	MID	HGDP
HGDP00614	MID	HGDP
HGDP00618	MID	HGDP
HGDP00619	MID	HGDP
HGDP00620	MID	HGDP
HGDP00622	MID	HGDP
HGDP00623	MID	HGDP
HGDP00624	MID	HGDP
HGDP00625	MID	HGDP
HGDP00626	MID	HGDP
HGDP00627	MID	HGDP
HGDP00628	MID	HGDP
HGDP00629	MID	HGDP
HGDP00630	MID	HGDP
HGDP00631	MID	HGDP
HGDP00632	MID	HGDP
HGDP00634	MID	HGDP
HGDP00635	MID	HGDP
HGDP00636	MID	HGDP
HGDP00637	MID	HGDP
HGDP00638	MID	HGDP
HGDP00639	MID	HGDP
HGDP00640	MID	HGDP
HGDP00641	MID	HGDP
HGDP00643	MID	HGDP
HGDP00644	MID	HGDP
HGDP00645	MID	HGDP
HGDP00646	MID	HGDP
HGDP00647	MID	HGDP
HGDP00648	MID	HGDP
HGDP00649	MID	HGDP
HGDP00651	MID	HGDP
HGDP00653	MID	HGDP
HGDP00654	MID	HGDP
HGDP00655	OCE	HGDP
HGDP00661	OCE	HGDP
HGDP00662	OCE	HGDP
HGDP00663	OCE	HGDP
HGDP00664	OCE	HGDP
HGDP00666	EUR	HGDP
HGDP00667	EUR	HGDP
HGDP00668	EUR	HGDP
HGDP00669	EUR	HGDP
HGDP00670	EUR	HGDP
HGDP00671	EUR	HGDP
HGDP00672	EUR	HGDP
HGDP00673	EUR	HGDP
HGDP00674	EUR	HGDP
HGDP00675	MID	HGDP
HGDP00676	MID	HGDP
HGDP00677	MID	HGDP
HGDP00679	MID	HGDP
HGDP00680	MID	HGDP
HGDP00682	MID	HGDP
HGDP00684	MID	HGDP
HGDP00685	MID	HGDP
HGDP00686	MID	HGDP
HGDP00687	MID	HGDP
HGDP00688	MID	HGDP
HGDP00689	MID	HGDP
HGDP00690	MID	HGDP
HGDP00691	MID	HGDP
HGDP00692	MID	HGDP
HGDP00694	MID	HGDP
HGDP00696	MID	HGDP
HGDP00697	MID	HGDP
HGDP00698	MID	HGDP
HGDP00699	MID	HGDP
HGDP00700	MID	HGDP
HGDP00701	MID	HGDP
HGDP00703	AMR	HGDP
HGDP00708	AMR	HGDP
HGDP00711	EAS	HGDP
HGDP00712	EAS	HGDP
HGDP00714	EAS	HGDP
HGDP00715	EAS	HGDP
HGDP00716	EAS	HGDP
HGDP00719	EAS	HGDP
HGDP00720	EAS	HGDP
HGDP00721	EAS	HGDP
HGDP00724	MID	HGDP
HGDP00726	MID	HGDP
HGDP00729	MID	HGDP
HGDP00731	MID	HGDP
HGDP00732	MID	HGDP
HGDP00733	MID	HGDP
HGDP00734	MID	HGDP
HGDP00735	MID	HGDP
HGDP00736	MID	HGDP
HGDP00738	MID	HGDP
HGDP00739	MID	HGDP
HGDP00740	MID	HGDP
HGDP00741	MID	HGDP
HGDP00744	MID	HGDP
HGDP00745	MID	HGDP
HGDP00747	EAS	HGDP
HGDP00748	EAS	HGDP
HGDP00750	EAS	HGDP
HGDP00751	EAS	HGDP
HGDP00752	EAS	HGDP
HGDP00753	EAS	HGDP
HGDP00754	EAS	HGDP
HGDP00755	EAS	HGDP
HGDP00756	EAS	HGDP
HGDP00757	EAS	HGDP
HGDP00759	EAS	HGDP
HGDP00760	EAS	HGDP
HGDP00761	EAS	HGDP
HGDP00762	EAS	HGDP
HGDP00763	EAS	HGDP
HGDP00764	EAS	HGDP
HGDP00765	EAS	HGDP
HGDP00766	EAS	HGDP
HGDP00767	EAS	HGDP
HGDP00768	EAS	HGDP
HGDP00769	EAS	HGDP
HGDP00771	EAS	HGDP
HGDP00772	EAS	HGDP
HGDP00774	EAS	HGDP
HGDP00776	EAS	HGDP
HGDP00777	EAS	HGDP
HGDP00779	EAS	HGDP
HGDP00780	EAS	HGDP
HGDP00781	EAS	HGDP
HGDP00782	EAS	HGDP
HGDP00784	EAS	HGDP
HGDP00786	EAS	HGDP
HGDP00787	OCE	HGDP
HGDP00788	OCE	HGDP
HGDP00790	EAS	HGDP
HGDP00791	EAS	HGDP
HGDP00794	EUR	HGDP
HGDP00797	EUR	HGDP
HGDP00799	EUR	HGDP
HGDP00800	EUR	HGDP
HGDP00802	EUR	HGDP
HGDP00803	EUR	HGDP
HGDP00804	EUR	HGDP
HGDP00805	EUR	HGDP
HGDP00807	EUR	HGDP
HGDP00808	EUR	HGDP
HGDP00810	EUR	HGDP
HGDP00811	EAS	HGDP
HGDP00812	EAS	HGDP
HGDP00813	EAS	HGDP
HGDP00814	EAS	HGDP
HGDP00815	EAS	HGDP
HGDP00817	EAS	HGDP
HGDP00818	EAS	HGDP
HGDP00819	EAS	HGDP
HGDP00820	EAS	HGDP
HGDP00821	EAS	HGDP
HGDP00822	EAS	HGDP
HGDP00828	EAS	HGDP
HGDP00832	AMR	HGDP
HGDP00837	AMR	HGDP
HGDP00838	AMR	HGDP
HGDP00843	AMR	HGDP
HGDP00849	AMR	HGDP
HGDP00854	AMR	HGDP
HGDP00856	AMR	HGDP
HGDP00858	AMR	HGDP
HGDP00859	AMR	HGDP
HGDP00860	AMR	HGDP
HGDP00861	AMR	HGDP
HGDP00862	AMR	HGDP
HGDP00863	AMR	HGDP
HGDP00864	AMR	HGDP
HGDP00869	AMR	HGDP
HGDP00870	AMR	HGDP
HGDP00871	AMR	HGDP
HGDP00872	AMR	HGDP
HGDP00875	AMR	HGDP
HGDP00876	AMR	HGDP
HGDP00877	AMR	HGDP
HGDP00879	EUR	HGDP
HGDP00880	EUR	HGDP
HGDP00881	EUR	HGDP
HGDP00882	EUR	HGDP
HGDP00883	EUR	HGDP
HGDP00884	EUR	HGDP
HGDP00885	EUR	HGDP
HGDP00886	EUR	HGDP
HGDP00888	EUR	HGDP
HGDP00889	EUR	HGDP
HGDP00890	EUR	HGDP
HGDP00891	EUR	HGDP
HGDP00892	EUR	HGDP
HGDP00893	EUR	HGDP
HGDP00894	EUR	HGDP
HGDP00895	EUR	HGDP
HGDP00896	EUR	HGDP
HGDP00897	EUR	HGDP
HGDP00898	EUR	HGDP
HGDP00899	EUR	HGDP
HGDP00900	EUR	HGDP
HGDP00901	EUR	HGDP
HGDP00902	EUR	HGDP
HGDP00904	AFR	HGDP
HGDP00905	AFR	HGDP
HGDP00906	AFR	HGDP
HGDP00907	AFR	HGDP
HGDP00908	AFR	HGDP
HGDP00909	AFR	HGDP
HGDP00910	AFR	HGDP
HGDP00911	AFR	HGDP
HGDP00912	AFR	HGDP
HGDP00914	AFR	HGDP
HGDP00916	AFR	HGDP
HGDP00917	AFR	HGDP
HGDP00918	AFR	HGDP
HGDP00919	AFR	HGDP
HGDP00920	AFR	HGDP
HGDP00924	AFR	HGDP
HGDP00925	AFR	HGDP
HGDP00926	AFR	HGDP
HGDP00929	AFR	HGDP
HGDP00930	AFR	HGDP
HGDP00931	AFR	HGDP
HGDP00933	AFR	HGDP
HGDP00934	AFR	HGDP
HGDP00935	AFR	HGDP
HGDP00937	AFR	HGDP
HGDP00938	AFR	HGDP
HGDP00939	AFR	HGDP
HGDP00940	AFR	HGDP
HGDP00941	AFR	HGDP
HGDP00942	AFR	HGDP
HGDP00943	AFR	HGDP
HGDP00944	AFR	HGDP
HGDP00945	EAS	HGDP
HGDP00946	EAS	HGDP
HGDP00947	EAS	HGDP
HGDP00948	EAS	HGDP
HGDP00949	EAS	HGDP
HGDP00950	EAS	HGDP
HGDP00952	EAS	HGDP
HGDP00953	EAS	HGDP
HGDP00954	EAS	HGDP
HGDP00955	EAS	HGDP
HGDP00957	EAS	HGDP
HGDP00958	EAS	HGDP
HGDP00959	EAS	HGDP
HGDP00960	EAS	HGDP
HGDP00961	EAS	HGDP
HGDP00962	EAS	HGDP
HGDP00963	EAS	HGDP
HGDP00964	EAS	HGDP
HGDP00965	EAS	HGDP
HGDP00966	EAS	HGDP
HGDP00967	EAS	HGDP
HGDP00968	EAS	HGDP
HGDP00969	EAS	HGDP
HGDP00970	AMR	HGDP
HGDP00971	EAS	HGDP
HGDP00972	EAS	HGDP
HGDP00973	EAS	HGDP
HGDP00974	EAS	HGDP
HGDP00975	EAS	HGDP
HGDP00976	EAS	HGDP
HGDP00977	EAS	HGDP
HGDP00983	AFR	HGDP
HGDP00984	AFR	HGDP
HGDP00985	AFR	HGDP
HGDP00986	AFR	HGDP
HGDP00992	AFR	HGDP
HGDP00993	AFR	HGDP
HGDP00994	AFR	HGDP
HGDP00995	AMR	HGDP
HGDP00999	AMR	HGDP
HGDP01001	AMR	HGDP
HGDP01009	AMR	HGDP
HGDP01010	AMR	HGDP
HGDP01014	AMR	HGDP
HGDP01019	AMR	HGDP
HGDP01021	EAS	HGDP
HGDP01023	EAS	HGDP
HGDP01024	EAS	HGDP
HGDP01027	OCE	HGDP
HGDP01029	AFR	HGDP
HGDP01031	AFR	HGDP
HGDP01033	AFR	HGDP
HGDP01037	AMR	HGDP
HGDP01041	AMR	HGDP
HGDP01050	AMR	HGDP
HGDP01051	AMR	HGDP
HGDP01055	AMR	HGDP
HGDP01057	AMR	HGDP
HGDP01058	AMR	HGDP
HGDP01059	AMR	HGDP
HGDP01060	AMR	HGDP
HGDP01062	EUR	HGDP
HGDP01063	EUR	HGDP
HGDP01064	EUR	HGDP
HGDP01065	EUR	HGDP
HGDP01066	EUR	HGDP
HGDP01067	EUR	HGDP
HGDP01068	EUR	HGDP
HGDP01069	EUR	HGDP
HGDP01070	EUR	HGDP
HGDP01071	EUR	HGDP
HGDP01072	EUR	HGDP
HGDP01073	EUR	HGDP
HGDP01074	EUR	HGDP
HGDP01075	EUR	HGDP
HGDP01077	EUR	HGDP
HGDP01081	AFR	HGDP
HGDP01086	AFR	HGDP
HGDP01090	AFR	HGDP
HGDP01092	AFR	HGDP
HGDP01094	AFR	HGDP
HGDP01096	EAS	HGDP
HGDP01097	EAS	HGDP
HGDP01099	EAS	HGDP
HGDP01100	EAS	HGDP
HGDP01101	EAS	HGDP
HGDP01102	EAS	HGDP
HGDP01103	EAS	HGDP
HGDP01104	EAS	HGDP
HGDP01149	EUR	HGDP
HGDP01151	EUR	HGDP
HGDP01152	EUR	HGDP
HGDP01155	EUR	HGDP
HGDP01156	EUR	HGDP
HGDP01161	EUR	HGDP
HGDP01162	EUR	HGDP
HGDP01164	EUR	HGDP
HGDP01166	EUR	HGDP
HGDP01167	EUR	HGDP
HGDP01169	EUR	HGDP
HGDP01171	EUR	HGDP
HGDP01173	EUR	HGDP
HGDP01174	EUR	HGDP
HGDP01177	EUR	HGDP
HGDP01180	EAS	HGDP
HGDP01181	EAS	HGDP
HGDP01182	EAS	HGDP
HGDP01183	EAS	HGDP
HGDP01184	EAS	HGDP
HGDP01185	EAS	HGDP
HGDP01186	EAS	HGDP
HGDP01187	EAS	HGDP
HGDP01189	EAS	HGDP
HGDP01190	EAS	HGDP
HGDP01192	EAS	HGDP
HGDP01193	EAS	HGDP
HGDP01194	EAS	HGDP
HGDP01195	EAS	HGDP
HGDP01196	EAS	HGDP
HGDP01197	EAS	HGDP
HGDP01200	AFR	HGDP
HGDP01201	AFR	HGDP
HGDP01202	AFR	HGDP
HGDP01204	EAS	HGDP
HGDP01205	EAS	HGDP
HGDP01206	EAS	HGDP
HGDP01207	EAS	HGDP
HGDP01209	EAS	HGDP
HGDP01212	EAS	HGDP
HGDP01213	EAS	HGDP
HGDP01214	EAS	HGDP
HGDP01216	EAS	HGDP
HGDP01217	EAS	HGDP
HGDP01218	EAS	HGDP
HGDP01220	EAS	HGDP
HGDP01221	EAS	HGDP
HGDP01222	EAS	HGDP
HGDP01224	EAS	HGDP
HGDP01225	EAS	HGDP
HGDP01226	EAS	HGDP
HGDP01227	EAS	HGDP
HGDP01229	EAS	HGDP
HGDP01230	EAS	HGDP
HGDP01231	EAS	HGDP
HGDP01232	EAS	HGDP
HGDP01233	EAS	HGDP
HGDP01234	EAS	HGDP
HGDP01236	EAS	HGDP
HGDP01237	EAS	HGDP
HGDP01238	EAS	HGDP
HGDP01239	EAS	HGDP
HGDP01241	EAS	HGDP
HGDP01243	EAS	HGDP
HGDP01244	EAS	HGDP
HGDP01245	EAS	HGDP
HGDP01247	EAS	HGDP
HGDP01248	EAS	HGDP
HGDP01249	EAS	HGDP
HGDP01251	EAS	HGDP
HGDP01254	MID	HGDP
HGDP01255	MID	HGDP
HGDP01256	MID	HGDP
HGDP01257	MID	HGDP
HGDP01258	MID	HGDP
HGDP01259	MID	HGDP
HGDP01260	MID	HGDP
HGDP01261	MID	HGDP
HGDP01262	MID	HGDP
HGDP01263	MID	HGDP
HGDP01264	MID	HGDP
HGDP01265	MID	HGDP
HGDP01266	MID	HGDP
HGDP01267	MID	HGDP
HGDP01268	MID	HGDP
HGDP01269	MID	HGDP
HGDP01272	MID	HGDP
HGDP01275	MID	HGDP
HGDP01276	MID	HGDP
HGDP01277	MID	HGDP
HGDP01279	MID	HGDP
HGDP01280	MID	HGDP
HGDP01282	MID	HGDP
HGDP01283	AFR	HGDP
HGDP01287	EAS	HGDP
HGDP01288	EAS	HGDP
HGDP01289	EAS	HGDP
HGDP01290	EAS	HGDP
HGDP01291	EAS	HGDP
HGDP01292	EAS	HGDP
HGDP01293	EAS	HGDP
HGDP01294	EAS	HGDP
HGDP01295	EAS	HGDP
HGDP01296	EAS	HGDP
HGDP01299	EAS	HGDP
HGDP01301	EAS	HGDP
HGDP01302	EAS	HGDP
HGDP01304	EAS	HGDP
HGDP01305	EAS	HGDP
HGDP01309	EAS	HGDP
HGDP01310	EAS	HGDP
HGDP01311	EAS	HGDP
HGDP01313	EAS	HGDP
HGDP01316	EAS	HGDP
HGDP01317	EAS	HGDP
HGDP01319	EAS	HGDP
HGDP01326	EAS	HGDP
HGDP01327	EAS	HGDP
HGDP01328	EAS	HGDP
HGDP01329	EAS	HGDP
HGDP01331	EAS	HGDP
HGDP01332	EAS	HGDP
HGDP01334	EAS	HGDP
HGDP01336	EAS	HGDP
HGDP01337	EAS	HGDP
HGDP01340	EAS	HGDP
HGDP01341	EAS	HGDP
HGDP01342	EAS	HGDP
HGDP01346	EAS	HGDP
HGDP01347	EAS	HGDP
HGDP01348	EAS	HGDP
HGDP01349	EAS	HGDP
HGDP01351	EAS	HGDP
HGDP01352	EAS	HGDP
HGDP01353	EAS	HGDP
HGDP01354	EAS	HGDP
HGDP01356	EAS	HGDP
HGDP01357	EUR	HGDP
HGDP01358	EUR	HGDP
HGDP01359	EUR	HGDP
HGDP01360	EUR	HGDP
HGDP01361	EUR	HGDP
HGDP01362	EUR	HGDP
HGDP01363	EUR	HGDP
HGDP01366	EUR	HGDP
HGDP01367	EUR	HGDP
HGDP01369	EUR	HGDP
HGDP01370	EUR	HGDP
HGDP01371	EUR	HGDP
HGDP01372	EUR	HGDP
HGDP01373	EUR	HGDP
HGDP01374	EUR	HGDP
HGDP01375	EUR	HGDP
HGDP01376	EUR	HGDP
HGDP01377	EUR	HGDP
HGDP01378	EUR	HGDP
HGDP01379	EUR	HGDP
HGDP01380	EUR	HGDP
HGDP01381	EUR	HGDP
HGDP01382	EUR	HGDP
HGDP01383	EUR	HGDP
HGDP01384	EUR	HGDP
HGDP01385	EUR	HGDP
HGDP01386	EUR	HGDP
HGDP01387	EUR	HGDP
HGDP01388	EUR	HGDP
HGDP01396	EUR	HGDP
HGDP01397	EUR	HGDP
HGDP01398	EUR	HGDP
HGDP01399	EUR	HGDP
HGDP01400	EUR	HGDP
HGDP01403	EUR	HGDP
HGDP01404	EUR	HGDP
HGDP01405	AFR	HGDP
HGDP01406	AFR	HGDP
HGDP01408	AFR	HGDP
HGDP01413	AFR	HGDP
HGDP01415	AFR	HGDP
HGDP01416	AFR	HGDP
HGDP01418	AFR	HGDP
HGDP01419	AFR	HGDP
LP6005441-DNA_A01	EUR	HGDP
LP6005441-DNA_A03	OCE	HGDP
LP6005441-DNA_A05	EUR	HGDP
LP6005441-DNA_A06	EUR	HGDP
LP6005441-DNA_A08	AFR	HGDP
LP6005441-DNA_A09	EAS	HGDP
LP6005441-DNA_A11	AFR	HGDP
LP6005441-DNA_A12	AMR	HGDP
LP6005441-DNA_B01	EUR	HGDP
LP6005441-DNA_B02	AFR	HGDP
LP6005441-DNA_B03	OCE	HGDP
LP6005441-DNA_B05	EUR	HGDP
LP6005441-DNA_B06	EUR	HGDP
LP6005441-DNA_B07	EAS	HGDP
LP6005441-DNA_B08	AFR	HGDP
LP6005441-DNA_B09	EAS	HGDP
LP6005441-DNA_B11	AFR	HGDP
LP6005441-DNA_B12	AMR	HGDP
LP6005441-DNA_C01	CSA	HGDP
LP6005441-DNA_C02	EUR	HGDP
LP6005441-DNA_C03	CSA	HGDP
LP6005441-DNA_C05	EAS	HGDP
LP6005441-DNA_C06	EAS	HGDP
LP6005441-DNA_C07	CSA	HGDP
LP6005441-DNA_C08	EAS	HGDP
LP6005441-DNA_C09	EUR	HGDP
LP6005441-DNA_C10	CSA	HGDP
LP6005441-DNA_C11	EUR	HGDP
LP6005441-DNA_D01	CSA	HGDP
LP6005441-DNA_D02	EUR	HGDP
LP6005441-DNA_D03	CSA	HGDP
LP6005441-DNA_D04	EAS	HGDP
LP6005441-DNA_D05	EAS	HGDP
LP6005441-DNA_D06	EAS	HGDP
LP6005441-DNA_D08	EAS	HGDP
LP6005441-DNA_D09	EUR	HGDP
LP6005441-DNA_D10	CSA	HGDP
LP6005441-DNA_D11	EUR	HGDP
LP6005441-DNA_D12	EAS	HGDP
LP6005441-DNA_E02	MID	HGDP
LP6005441-DNA_E03	CSA	HGDP
LP6005441-DNA_E05	CSA	HGDP
LP6005441-DNA_E06	CSA	HGDP
LP6005441-DNA_E07	AFR	HGDP
LP6005441-DNA_E08	EAS	HGDP
LP6005441-DNA_E09	EAS	HGDP
LP6005441-DNA_E10	AMR	HGDP
LP6005441-DNA_F01	AFR	HGDP
LP6005441-DNA_F02	MID	HGDP
LP6005441-DNA_F03	CSA	HGDP
LP6005441-DNA_F04	EAS	HGDP
LP6005441-DNA_F05	CSA	HGDP
LP6005441-DNA_F06	CSA	HGDP
LP6005441-DNA_F08	EAS	HGDP
LP6005441-DNA_F09	EAS	HGDP
LP6005441-DNA_F10	AMR	HGDP
LP6005441-DNA_F12	EAS	HGDP
LP6005441-DNA_G03	EAS	HGDP
LP6005441-DNA_G04	MID	HGDP
LP6005441-DNA_G06	AMR	HGDP
LP6005441-DNA_G07	AMR	HGDP
LP6005441-DNA_G08	MID	HGDP
LP6005441-DNA_G10	EUR	HGDP
LP6005441-DNA_G11	CSA	HGDP
LP6005441-DNA_G12	EUR	HGDP
LP6005441-DNA_H02	AFR	HGDP
LP6005441-DNA_H03	EAS	HGDP
LP6005441-DNA_H05	EAS	HGDP
LP6005441-DNA_H06	AMR	HGDP
LP6005441-DNA_H07	AMR	HGDP
LP6005441-DNA_H08	MID	HGDP
LP6005441-DNA_H09	MID	HGDP
LP6005441-DNA_H10	EUR	HGDP
LP6005441-DNA_H11	CSA	HGDP
LP6005441-DNA_H12	EUR	HGDP
LP6005442-DNA_A02	AFR	HGDP
LP6005442-DNA_B01	EAS	HGDP
LP6005442-DNA_B02	AFR	HGDP
LP6005442-DNA_D01	EAS	HGDP
LP6005442-DNA_F01	EAS	HGDP
LP6005442-DNA_G01	EAS	HGDP
LP6005442-DNA_H01	EAS	HGDP
LP6005443-DNA_A01	AFR	HGDP
LP6005443-DNA_A02	EAS	HGDP
LP6005443-DNA_B01	EAS	HGDP
LP6005443-DNA_C02	EAS	HGDP
LP6005443-DNA_D01	MID	HGDP
LP6005443-DNA_D02	EAS	HGDP
LP6005443-DNA_D08	OCE	HGDP
LP6005443-DNA_E01	EAS	HGDP
LP6005443-DNA_E02	AFR	HGDP
LP6005443-DNA_E08	OCE	HGDP
LP6005443-DNA_E09	EAS	HGDP
LP6005443-DNA_F01	EAS	HGDP
LP6005443-DNA_F02	AFR	HGDP
LP6005443-DNA_F07	OCE	HGDP
LP6005443-DNA_G01	EAS	HGDP
LP6005443-DNA_G02	AFR	HGDP
LP6005443-DNA_G08	AFR	HGDP
LP6005443-DNA_H01	EAS	HGDP
LP6005592-DNA_B03	MID	HGDP
LP6005592-DNA_C03	AFR	HGDP
LP6005592-DNA_D03	EAS	HGDP
NA06984	EUR	1KG
NA06985	EUR	1KG
NA06986	EUR	1KG
NA06989	EUR	1KG
NA06993	EUR	1KG
NA06994	EUR	1KG
NA07000	EUR	1KG
NA07022	EUR	1KG
NA07031	EUR	1KG
NA07034	EUR	1KG
NA07037	EUR	1KG
NA07045	EUR	1KG
NA07051	EUR	1KG
NA07055	EUR	1KG
NA07056	EUR	1KG
NA07345	EUR	1KG
NA07346	EUR	1KG
NA07347	EUR	1KG
NA07357	EUR	1KG
NA07435	EUR	1KG
NA11829	EUR	1KG
NA11830	EUR	1KG
NA11831	EUR	1KG
NA11832	EUR	1KG
NA11839	EUR	1KG
NA11840	EUR	1KG
NA11843	EUR	1KG
NA11881	EUR	1KG
NA11882	EUR	1KG
NA11891	EUR	1KG
NA11892	EUR	1KG
NA11893	EUR	1KG
NA11894	EUR	1KG
NA11917	EUR	1KG
NA11918	EUR	1KG
NA11919	EUR	1KG
NA11920	EUR	1KG
NA11930	EUR	1KG
NA11931	EUR	1KG
NA11932	EUR	1KG
NA11933	EUR	1KG
NA11992	EUR	1KG
NA11993	EUR	1KG
NA11994	EUR	1KG
NA11995	EUR	1KG
NA12003	EUR	1KG
NA12004	EUR	1KG
NA12005	EUR	1KG
NA12006	EUR	1KG
NA12043	EUR	1KG
NA12044	EUR	1KG
NA12045	EUR	1KG
NA12046	EUR	1KG
NA12056	EUR	1KG
NA12057	EUR	1KG
NA12058	EUR	1KG
NA12144	EUR	1KG
NA12145	EUR	1KG
NA12146	EUR	1KG
NA12154	EUR	1KG
NA12155	EUR	1KG
NA12156	EUR	1KG
NA12234	EUR	1KG
NA12236	EUR	1KG
NA12239	EUR	1KG
NA12248	EUR	1KG
NA12249	EUR	1KG
NA12264	EUR	1KG
NA12272	EUR	1KG
NA12273	EUR	1KG
NA12274	EUR	1KG
NA12275	EUR	1KG
NA12282	EUR	1KG
NA12283	EUR	1KG
NA12286	EUR	1KG
NA12287	EUR	1KG
NA12340	EUR	1KG
NA12341	EUR	1KG
NA12342	EUR	1KG
NA12343	EUR	1KG
NA12347	EUR	1KG
NA12348	EUR	1KG
NA12383	EUR	1KG
NA12399	EUR	1KG
NA12400	EUR	1KG
NA12413	EUR	1KG
NA12414	EUR	1KG
NA12489	EUR	1KG
NA12546B	EUR	1KG
NA12716	EUR	1KG
NA12717	EUR	1KG
NA12718	EUR	1KG
NA12748	EUR	1KG
NA12749	EUR	1KG
NA12750	EUR	1KG
NA12751	EUR	1KG
NA12760	EUR	1KG
NA12761	EUR	1KG
NA12762	EUR	1KG
NA12763	EUR	1KG
NA12775	EUR	1KG
NA12776	EUR	1KG
NA12777	EUR	1KG
NA12778	EUR	1KG
NA12812	EUR	1KG
NA12814	EUR	1KG
NA12815	EUR	1KG
NA12827	EUR	1KG
NA12828	EUR	1KG
NA12829	EUR	1KG
NA12830A	EUR	1KG
NA12842	EUR	1KG
NA12843	EUR	1KG
NA12872	EUR	1KG
NA12873	EUR	1KG
NA12874	EUR	1KG
NA12875	EUR	1KG
NA12889	EUR	1KG
NA12890	EUR	1KG
NA12891	EUR	1KG
NA12892	EUR	1KG
NA18486	AFR	1KG
NA18487	AFR	1KG
NA18488	AFR	1KG
NA18489	AFR	1KG
NA18498	AFR	1KG
NA18499	AFR	1KG
NA18501	AFR	1KG
NA18502	AFR	1KG
NA18504	AFR	1KG
NA18505	AFR	1KG
NA18507	AFR	1KG
NA18508	AFR	1KG
NA18510	AFR	1KG
NA18511	AFR	1KG
NA18516	AFR	1KG
NA18517	AFR	1KG
NA18519	AFR	1KG
NA18520	AFR	1KG
NA18522	AFR	1KG
NA18523	AFR	1KG
NA18525	EAS	1KG
NA18526	EAS	1KG
NA18528	EAS	1KG
NA18530	EAS	1KG
NA18531	EAS	1KG
NA18532	EAS	1KG
NA18533	EAS	1KG
NA18534	EAS	1KG
NA18535	EAS	1KG
NA18536	EAS	1KG
NA18537	EAS	1KG
NA18538	EAS	1KG
NA18539	EAS	1KG
NA18541	EAS	1KG
NA18542	EAS	1KG
NA18543	EAS	1KG
NA18544	EAS	1KG
NA18545	EAS	1KG
NA18546	EAS	1KG
NA18547	EAS	1KG
NA18548	EAS	1KG
NA18549	EAS	1KG
NA18550	EAS	1KG
NA18552	EAS	1KG
NA18553	EAS	1KG
NA18555	EAS	1KG
NA18557	EAS	1KG
NA18558	EAS	1KG
NA18559	EAS	1KG
NA18560	EAS	1KG
NA18561	EAS	1KG
NA18562	EAS	1KG
NA18563	EAS	1KG
NA18564	EAS	1KG
NA18565	EAS	1KG
NA18566	EAS	1KG
NA18567	EAS	1KG
NA18570	EAS	1KG
NA18571	EAS	1KG
NA18572	EAS	1KG
NA18573	EAS	1KG
NA18574	EAS	1KG
NA18577	EAS	1KG
NA18579	EAS	1KG
NA18582	EAS	1KG
NA18591	EAS	1KG
NA18592	EAS	1KG
NA18593	EAS	1KG
NA18595	EAS	1KG
NA18596	EAS	1KG
NA18597	EAS	1KG
NA18599	EAS	1KG
NA18602	EAS	1KG
NA18603	EAS	1KG
NA18605	EAS	1KG
NA18606	EAS	1KG
NA18608	EAS	1KG
NA18609	EAS	1KG
NA18610	EAS	1KG
NA18611	EAS	1KG
NA18612	EAS	1KG
NA18613	EAS	1KG
NA18614	EAS	1KG
NA18615	EAS	1KG
NA18616	EAS	1KG
NA18617	EAS	1KG
NA18618	EAS	1KG
NA18619	EAS	1KG
NA18620	EAS	1KG
NA18621	EAS	1KG
NA18622	EAS	1KG
NA18623	EAS	1KG
NA18624	EAS	1KG
NA18625	EAS	1KG
NA18626	EAS	1KG
NA18627	EAS	1KG
NA18628	EAS	1KG
NA18629	EAS	1KG
NA18630	EAS	1KG
NA18631	EAS	1KG
NA18632	EAS	1KG
NA18633	EAS	1KG
NA18634	EAS	1KG
NA18635	EAS	1KG
NA18636	EAS	1KG
NA18637	EAS	1KG
NA18638	EAS	1KG
NA18639	EAS	1KG
NA18640	EAS	1KG
NA18641	EAS	1KG
NA18642	EAS	1KG
NA18643	EAS	1KG
NA18644	EAS	1KG
NA18645	EAS	1KG
NA18646	EAS	1KG
NA18647	EAS	1KG
NA18648	EAS	1KG
NA18740	EAS	1KG
NA18745	EAS	1KG
NA18747	EAS	1KG
NA18748	EAS	1KG
NA18749	EAS	1KG
NA18757	EAS	1KG
NA18852	AFR	1KG
NA18853	AFR	1KG
NA18855	AFR	1KG
NA18856	AFR	1KG
NA18858	AFR	1KG
NA18859	AFR	1KG
NA18861	AFR	1KG
NA18862	AFR	1KG
NA18865	AFR	1KG
NA18867	AFR	1KG
NA18868	AFR	1KG
NA18870	AFR	1KG
NA18871	AFR	1KG
NA18873	AFR	1KG
NA18874A	AFR	1KG
NA18876	AFR	1KG
NA18877	AFR	1KG
NA18878	AFR	1KG
NA18879	AFR	1KG
NA18881	AFR	1KG
NA18907	AFR	1KG
NA18908	AFR	1KG
NA18909	AFR	1KG
NA18910	AFR	1KG
NA18912	AFR	1KG
NA18913	AFR	1KG
NA18915	AFR	1KG
NA18916	AFR	1KG
NA18917	AFR	1KG
NA18923	AFR	1KG
NA18924	AFR	1KG
NA18933	AFR	1KG
NA18934	AFR	1KG
NA18939	EAS	1KG
NA18940	EAS	1KG
NA18941	EAS	1KG
NA18942	EAS	1KG
NA18943	EAS	1KG
NA18944	EAS	1KG
NA18945	EAS	1KG
NA18946	EAS	1KG
NA18947	EAS	1KG
NA18948	EAS	1KG
NA18949	EAS	1KG
NA18950	EAS	1KG
NA18951	EAS	1KG
NA18952	EAS	1KG
NA18953	EAS	1KG
NA18954	EAS	1KG
NA18956	EAS	1KG
NA18957	EAS	1KG
NA18959	EAS	1KG
NA18960	EAS	1KG
NA18961	EAS	1KG
NA18962	EAS	1KG
NA18963	EAS	1KG
NA18964	EAS	1KG
NA18965	EAS	1KG
NA18966	EAS	1KG
NA18967	EAS	1KG
NA18968	EAS	1KG
NA18969	EAS	1KG
NA18970	EAS	1KG
NA18971	EAS	1KG
NA18972	EAS	1KG
NA18973	EAS	1KG
NA18974	EAS	1KG
NA18975	EAS	1KG
NA18976	EAS	1KG
NA18977	EAS	1KG
NA18979	EAS	1KG
NA18980	EAS	1KG
NA18981	EAS	1KG
NA18982	EAS	1KG
NA18983	EAS	1KG
NA18984	EAS	1KG
NA18985	EAS	1KG
NA18986	EAS	1KG
NA18987	EAS	1KG
NA18988	EAS	1KG
NA18989	EAS	1KG
NA18990	EAS	1KG
NA18991	EAS	1KG
NA18992	EAS	1KG
NA18993	EAS	1KG
NA18994	EAS	1KG
NA18995	EAS	1KG
NA18997	EAS	1KG
NA18998	EAS	1KG
NA18999	EAS	1KG
NA19000	EAS	1KG
NA19001	EAS	1KG
NA19002	EAS	1KG
NA19003	EAS	1KG
NA19004	EAS	1KG
NA19005	EAS	1KG
NA19006	EAS	1KG
NA19007	EAS	1KG
NA19009	EAS	1KG
NA19010	EAS	1KG
NA19011	EAS	1KG
NA19012	EAS	1KG
NA19017	AFR	1KG
NA19019	AFR	1KG
NA19020	AFR	1KG
NA19023	AFR	1KG
NA19024	AFR	1KG
NA19026	AFR	1KG
NA19027	AFR	1KG
NA19028	AFR	1KG
NA19030	AFR	1KG
NA19031	AFR	1KG
NA19035	AFR	1KG
NA19036	AFR	1KG
NA19037	AFR	1KG
NA19038	AFR	1KG
NA19041	AFR	1KG
NA19043	AFR	1KG
NA19055	EAS	1KG
NA19056	EAS	1KG
NA19057	EAS	1KG
NA19058	EAS	1KG
NA19059	EAS	1KG
NA19060	EAS	1KG
NA19062	EAS	1KG
NA19063	EAS	1KG
NA19064	EAS	1KG
NA19065	EAS	1KG
NA19066	EAS	1KG
NA19067	EAS	1KG
NA19068	EAS	1KG
NA19070	EAS	1KG
NA19072	EAS	1KG
NA19074	EAS	1KG
NA19075	EAS	1KG
NA19076	EAS	1KG
NA19077	EAS	1KG
NA19078	EAS	1KG
NA19079	EAS	1KG
NA19080	EAS	1KG
NA19081	EAS	1KG
NA19082	EAS	1KG
NA19083	EAS	1KG
NA19084	EAS	1KG
NA19085	EAS	1KG
NA19086	EAS	1KG
NA19087	EAS	1KG
NA19088	EAS	1KG
NA19089	EAS	1KG
NA19090	EAS	1KG
NA19091	EAS	1KG
NA19092	AFR	1KG
NA19093	AFR	1KG
NA19095	AFR	1KG
NA19096	AFR	1KG
NA19098	AFR	1KG
NA19099	AFR	1KG
NA19102	AFR	1KG
NA19107	AFR	1KG
NA19108	AFR	1KG
NA19113	AFR	1KG
NA19114	AFR	1KG
NA19116	AFR	1KG
NA19117	AFR	1KG
NA19118	AFR	1KG
NA19119	AFR	1KG
NA19121	AFR	1KG
NA19122	AFR	1KG
NA19127	AFR	1KG
NA19128	AFR	1KG
NA19130	AFR	1KG
NA19131	AFR	1KG
NA19137	AFR	1KG
NA19138	AFR	1KG
NA19140	AFR	1KG
NA19141	AFR	1KG
NA19143	AFR	1KG
NA19144	AFR	1KG
NA19146	AFR	1KG
NA19147	AFR	1KG
NA19149	AFR	1KG
NA19150	AFR	1KG
NA19152	AFR	1KG
NA19153	AFR	1KG
NA19159	AFR	1KG
NA19160	AFR	1KG
NA19171	AFR	1KG
NA19172	AFR	1KG
NA19177	AFR	1KG
NA19184	AFR	1KG
NA19185	AFR	1KG
NA19189	AFR	1KG
NA19190	AFR	1KG
NA19197	AFR	1KG
NA19198	AFR	1KG
NA19200	AFR	1KG
NA19201	AFR	1KG
NA19203	AFR	1KG
NA19204	AFR	1KG
NA19206	AFR	1KG
NA19207	AFR	1KG
NA19209	AFR	1KG
NA19210	AFR	1KG
NA19213	AFR	1KG
NA19214	AFR	1KG
NA19222	AFR	1KG
NA19223	AFR	1KG
NA19224	AFR	1KG
NA19235	AFR	1KG
NA19236	AFR	1KG
NA19239	AFR	1KG
NA19247	AFR	1KG
NA19248	AFR	1KG
NA19256	AFR	1KG
NA19257	AFR	1KG
NA19308	AFR	1KG
NA19309	AFR	1KG
NA19310	AFR	1KG
NA19312	AFR	1KG
NA19314	AFR	1KG
NA19315	AFR	1KG
NA19316	AFR	1KG
NA19317	AFR	1KG
NA19318	AFR	1KG
NA19319	AFR	1KG
NA19320	AFR	1KG
NA19321	AFR	1KG
NA19323	AFR	1KG
NA19324	AFR	1KG
NA19327	AFR	1KG
NA19328	AFR	1KG
NA19331	AFR	1KG
NA19338	AFR	1KG
NA19346	AFR	1KG
NA19347	AFR	1KG
NA19350	AFR	1KG
NA19351	AFR	1KG
NA19355	AFR	1KG
NA19360	AFR	1KG
NA19372	AFR	1KG
NA19374	AFR	1KG
NA19375	AFR	1KG
NA19376	AFR	1KG
NA19377	AFR	1KG
NA19378	AFR	1KG
NA19379	AFR	1KG
NA19380	AFR	1KG
NA19383	AFR	1KG
NA19384	AFR	1KG
NA19385	AFR	1KG
NA19390	AFR	1KG
NA19391	AFR	1KG
NA19393	AFR	1KG
NA19394	AFR	1KG
NA19397	AFR	1KG
NA19399	AFR	1KG
NA19401	AFR	1KG
NA19403	AFR	1KG
NA19404	AFR	1KG
NA19428	AFR	1KG
NA19429	AFR	1KG
NA19430	AFR	1KG
NA19431	AFR	1KG
NA19435	AFR	1KG
NA19436	AFR	1KG
NA19437	AFR	1KG
NA19438	AFR	1KG
NA19439	AFR	1KG
NA19440	AFR	1KG
NA19443	AFR	1KG
NA19445	AFR	1KG
NA19446	AFR	1KG
NA19448	AFR	1KG
NA19449	AFR	1KG
NA19451	AFR	1KG
NA19452	AFR	1KG
NA19454	AFR	1KG
NA19455	AFR	1KG
NA19456	AFR	1KG
NA19457	AFR	1KG
NA19461	AFR	1KG
NA19462	AFR	1KG
NA19463	AFR	1KG
NA19466	AFR	1KG
NA19467	AFR	1KG
NA19468	AFR	1KG
NA19471	AFR	1KG
NA19472	AFR	1KG
NA19473	AFR	1KG
NA19474	AFR	1KG
NA19475	AFR	1KG
NA19648	AMR	1KG
NA19649	AMR	1KG
NA19651	AMR	1KG
NA19652	AMR	1KG
NA19654	AMR	1KG
NA19655	AMR	1KG
NA19658	AMR	1KG
NA19661	AMR	1KG
NA19663	AMR	1KG
NA19664	AMR	1KG
NA19669	AMR	1KG
NA19670	AMR	1KG
NA19676	AMR	1KG
NA19678	AMR	1KG
NA19679	AMR	1KG
NA19681	AMR	1KG
NA19682	AMR	1KG
NA19684	AMR	1KG
NA19700	AFR	1KG
NA19701	AFR	1KG
NA19703	AFR	1KG
NA19704	AFR	1KG
NA19707	AFR	1KG
NA19711	AFR	1KG
NA19712	AFR	1KG
NA19713	AFR	1KG
NA19716	AMR	1KG
NA19717	AMR	1KG
NA19719	AMR	1KG
NA19720	AMR	1KG
NA19722	AMR	1KG
NA19723	AMR	1KG
NA19725	AMR	1KG
NA19726	AMR	1KG
NA19728	AMR	1KG
NA19729	AMR	1KG
NA19731	AMR	1KG
NA19732	AMR	1KG
NA19734	AMR	1KG
NA19735	AMR	1KG
NA19740	AMR	1KG
NA19741	AMR	1KG
NA19746	AMR	1KG
NA19747	AMR	1KG
NA19749	AMR	1KG
NA19750	AMR	1KG
NA19752	AMR	1KG
NA19755	AMR	1KG
NA19756	AMR	1KG
NA19758	AMR	1KG
NA19759	AMR	1KG
NA19761	AMR	1KG
NA19762	AMR	1KG
NA19764	AMR	1KG
NA19770	AMR	1KG
NA19771	AMR	1KG
NA19773	AMR	1KG
NA19774	AMR	1KG
NA19776	AMR	1KG
NA19777	AMR	1KG
NA19779	AMR	1KG
NA19780	AMR	1KG
NA19782	AMR	1KG
NA19783	AMR	1KG
NA19785	AMR	1KG
NA19786	AMR	1KG
NA19788	AMR	1KG
NA19789	AMR	1KG
NA19792	AMR	1KG
NA19794	AMR	1KG
NA19795	AMR	1KG
NA19818	AFR	1KG
NA19819	AFR	1KG
NA19834	AFR	1KG
NA19835	AFR	1KG
NA19900	AFR	1KG
NA19901	AFR	1KG
NA19908	AFR	1KG
NA19909	AFR	1KG
NA19913	AFR	1KG
NA19914	AFR	1KG
NA19916	AFR	1KG
NA19917	AFR	1KG
NA19920	AFR	1KG
NA19921	AFR	1KG
NA19922	AFR	1KG
NA19923	AFR	1KG
NA19982	AFR	1KG
NA19984	AFR	1KG
NA20126	AFR	1KG
NA20127	AFR	1KG
NA20276	AFR	1KG
NA20278	AFR	1KG
NA20281	AFR	1KG
NA20282	AFR	1KG
NA20287	AFR	1KG
NA20289	AFR	1KG
NA20291	AFR	1KG
NA20294	AFR	1KG
NA20296	AFR	1KG
NA20298	AFR	1KG
NA20318	AFR	1KG
NA20320	AFR	1KG
NA20332	AFR	1KG
NA20334	AFR	1KG
NA20339	AFR	1KG
NA20340	AFR	1KG
NA20342	AFR	1KG
NA20346	AFR	1KG
NA20348	AFR	1KG
NA20351	AFR	1KG
NA20356	AFR	1KG
NA20357	AFR	1KG
NA20359	AFR	1KG
NA20412	AFR	1KG
NA20502	EUR	1KG
NA20503	EUR	1KG
NA20504	EUR	1KG
NA20505	EUR	1KG
NA20507	EUR	1KG
NA20508	EUR	1KG
NA20509	EUR	1KG
NA20510	EUR	1KG
NA20511	EUR	1KG
NA20512	EUR	1KG
NA20513	EUR	1KG
NA20514	EUR	1KG
NA20515	EUR	1KG
NA20516	EUR	1KG
NA20517	EUR	1KG
NA20518	EUR	1KG
NA20519	EUR	1KG
NA20520	EUR	1KG
NA20521	EUR	1KG
NA20522	EUR	1KG
NA20524	EUR	1KG
NA20525	EUR	1KG
NA20527	EUR	1KG
NA20528	EUR	1KG
NA20529	EUR	1KG
NA20531	EUR	1KG
NA20532	EUR	1KG
NA20534	EUR	1KG
NA20535	EUR	1KG
NA20536	EUR	1KG
NA20538	EUR	1KG
NA20539	EUR	1KG
NA20540	EUR	1KG
NA20541	EUR	1KG
NA20542	EUR	1KG
NA20543	EUR	1KG
NA20544	EUR	1KG
NA20581	EUR	1KG
NA20582	EUR	1KG
NA20585	EUR	1KG
NA20586	EUR	1KG
NA20587	EUR	1KG
NA20588	EUR	1KG
NA20589	EUR	1KG
NA20752	EUR	1KG
NA20753	EUR	1KG
NA20754	EUR	1KG
NA20755	EUR	1KG
NA20756	EUR	1KG
NA20757	EUR	1KG
NA20758	EUR	1KG
NA20759	EUR	1KG
NA20760	EUR	1KG
NA20761	EUR	1KG
NA20762	EUR	1KG
NA20763	EUR	1KG
NA20764	EUR	1KG
NA20765	EUR	1KG
NA20766	EUR	1KG
NA20767	EUR	1KG
NA20768	EUR	1KG
NA20769	EUR	1KG
NA20770	EUR	1KG
NA20771	EUR	1KG
NA20772	EUR	1KG
NA20773	EUR	1KG
NA20774	EUR	1KG
NA20775	EUR	1KG
NA20778	EUR	1KG
NA20783	EUR	1KG
NA20785	EUR	1KG
NA20786	EUR	1KG
NA20787	EUR	1KG
NA20790	EUR	1KG
NA20792	EUR	1KG
NA20795	EUR	1KG
NA20796	EUR	1KG
NA20797	EUR	1KG
NA20798	EUR	1KG
NA20799	EUR	1KG
NA20800	EUR	1KG
NA20801	EUR	1KG
NA20802	EUR	1KG
NA20803	EUR	1KG
NA20804	EUR	1KG
NA20805	EUR	1KG
NA20806	EUR	1KG
NA20807	EUR	1KG
NA20808	EUR	1KG
NA20809	EUR	1KG
NA20810	EUR	1KG
NA20811	EUR	1KG
NA20812	EUR	1KG
NA20813	EUR	1KG
NA20814	EUR	1KG
NA20815	EUR	1KG
NA20818	EUR	1KG
NA20819	EUR	1KG
NA20821	EUR	1KG
NA20822	EUR	1KG
NA20826	EUR	1KG
NA20827	EUR	1KG
NA20828	EUR	1KG
NA20845	CSA	1KG
NA20846	CSA	1KG
NA20847	CSA	1KG
NA20849	CSA	1KG
NA20850	CSA	1KG
NA20851	CSA	1KG
NA20852	CSA	1KG
NA20853	CSA	1KG
NA20854	CSA	1KG
NA20856	CSA	1KG
NA20858	CSA	1KG
NA20859	CSA	1KG
NA20861	CSA	1KG
NA20862	CSA	1KG
NA20863	CSA	1KG
NA20864	CSA	1KG
NA20866	CSA	1KG
NA20867	CSA	1KG
NA20868	CSA	1KG
NA20869	CSA	1KG
NA20870	CSA	1KG
NA20872	CSA	1KG
NA20874	CSA	1KG
NA20875	CSA	1KG
NA20876	CSA	1KG
NA20877	CSA	1KG
NA20878	CSA	1KG
NA20881	CSA	1KG
NA20882	CSA	1KG
NA20884	CSA	1KG
NA20885	CSA	1KG
NA20886	CSA	1KG
NA20887	CSA	1KG
NA20888	CSA	1KG
NA20889	CSA	1KG
NA20890	CSA	1KG
NA20892	CSA	1KG
NA20894	CSA	1KG
NA20895	CSA	1KG
NA20896	CSA	1KG
NA20897	CSA	1KG
NA20899	CSA	1KG
NA20901	CSA	1KG
NA20902	CSA	1KG
NA20903	CSA	1KG
NA20904	CSA	1KG
NA20905	CSA	1KG
NA20906	CSA	1KG
NA20908	CSA	1KG
NA20910	CSA	1KG
NA20911	CSA	1KG
NA21086	CSA	1KG
NA21087	CSA	1KG
NA21088	CSA	1KG
NA21089	CSA	1KG
NA21090	CSA	1KG
NA21091	CSA	1KG
NA21092	CSA	1KG
NA21093	CSA	1KG
NA21094	CSA	1KG
NA21095	CSA	1KG
NA21097	CSA	1KG
NA21098	CSA	1KG
NA21099	CSA	1KG
NA21100	CSA	1KG
NA21101	CSA	1KG
NA21102	CSA	1KG
NA21103	CSA	1KG
NA21104	CSA	1KG
NA21105	CSA	1KG
NA21106	CSA	1KG
NA21107	CSA	1KG
NA21108	CSA	1KG
NA21109	CSA	1KG
NA21110	CSA	1KG
NA21111	CSA	1KG
NA21112	CSA	1KG
NA21113	CSA	1KG
NA21114	CSA	1KG
NA21115	CSA	1KG
NA21116	CSA	1KG
NA21117	CSA	1KG
NA21118	CSA	1KG
NA21119	CSA	1KG
NA21120	CSA	1KG
NA21122	CSA	1KG
NA21123	CSA	1KG
NA21124	CSA	1KG
NA21125	CSA	1KG
NA21126	CSA	1KG
NA21127	CSA	1KG
NA21128	CSA	1KG
NA21129	CSA	1KG
NA21130	CSA	1KG
NA21133	CSA	1KG
NA21137	CSA	1KG
NA21141	CSA	1KG
NA21142	CSA	1KG
NA21143	CSA	1KG
NA21144	CSA	1KG
SS6004467	EAS	HGDP
SS6004468	EUR	HGDP
SS6004469	EAS	HGDP
SS6004470	AFR	HGDP
SS6004473	AFR	HGDP
SS6004474	EUR	HGDP
SS6004475	AFR	HGDP
SS6004476	AMR	HGDP
